timestamp,demand_kw,solar_kw,wind_kw,temperature_c,cloud_cover_pct,wind_speed_ms,solar_radiation_wm2
2026-06-14 14:00:00+00:00,2342.38,316.41,37.05,33.78,26.9,3.9,667.86
2026-06-14 15:00:00+00:00,2466.86,239.22,20.81,32.05,39.14,1.17,496.72
2026-06-14 16:00:00+00:00,2368.95,199.0,29.24,32.19,24.12,4.24,348.87
2026-06-14 17:00:00+00:00,2096.83,79.32,30.42,29.26,53.85,3.91,136.46
2026-06-14 18:00:00+00:00,1920.02,0.0,68.05,29.61,41.46,9.28,0.0
2026-06-14 19:00:00+00:00,1719.04,0.0,34.51,28.68,33.8,4.1,0.0
2026-06-14 20:00:00+00:00,1627.58,0.0,39.09,28.1,45.16,5.17,0.0
2026-06-14 21:00:00+00:00,1499.31,0.0,62.22,27.32,52.46,7.57,0.0
2026-06-14 22:00:00+00:00,1278.59,0.0,38.23,27.42,51.97,4.68,0.0
2026-06-14 23:00:00+00:00,1126.84,0.0,122.62,26.03,41.99,10.89,0.0
2026-06-15 00:00:00+00:00,1374.16,0.0,104.24,24.47,44.98,8.33,0.0
2026-06-15 01:00:00+00:00,1368.64,0.0,88.46,28.18,48.65,6.97,0.0
2026-06-15 02:00:00+00:00,1367.03,0.0,83.01,25.08,40.5,5.76,0.0
2026-06-15 03:00:00+00:00,1457.23,0.0,109.99,28.03,54.2,7.44,0.0
2026-06-15 04:00:00+00:00,1503.78,0.0,80.41,27.68,53.06,5.77,0.0
2026-06-15 05:00:00+00:00,1738.46,0.0,100.17,27.72,57.45,5.8,0.0
2026-06-15 06:00:00+00:00,1757.96,0.0,56.0,29.99,63.52,4.15,0.0
2026-06-15 07:00:00+00:00,2203.94,48.05,47.17,28.79,70.49,2.41,112.13
2026-06-15 08:00:00+00:00,2375.65,99.28,29.94,30.09,59.91,1.6,260.1
2026-06-15 09:00:00+00:00,2500.9,204.74,7.82,32.88,51.69,0.5,419.24
2026-06-15 10:00:00+00:00,2769.15,258.87,15.43,35.72,53.91,0.5,504.68
2026-06-15 11:00:00+00:00,2784.05,171.92,0.0,34.36,75.83,0.5,410.65
2026-06-15 12:00:00+00:00,2971.99,318.13,25.8,34.94,46.67,0.5,589.53
2026-06-15 13:00:00+00:00,3044.3,260.14,1.03,38.19,52.33,0.5,502.07
2026-06-15 14:00:00+00:00,2896.11,271.74,24.81,32.4,40.39,4.53,574.27
2026-06-15 15:00:00+00:00,2898.41,232.38,40.31,31.8,38.59,6.41,476.6
2026-06-15 16:00:00+00:00,2733.43,182.02,66.22,30.04,26.13,7.76,346.96
2026-06-15 17:00:00+00:00,2548.64,86.82,16.06,30.86,33.16,4.14,161.8
2026-06-15 18:00:00+00:00,2297.56,4.29,67.45,27.07,37.59,8.16,4.8
2026-06-15 19:00:00+00:00,2134.3,0.0,69.98,27.32,29.35,7.99,0.0
2026-06-15 20:00:00+00:00,2025.02,0.0,44.85,27.27,18.64,3.76,0.0
2026-06-15 21:00:00+00:00,1611.44,0.0,72.72,26.72,33.65,10.04,0.0
2026-06-15 22:00:00+00:00,1521.24,0.0,72.93,27.96,36.58,7.59,0.0
2026-06-15 23:00:00+00:00,1243.17,0.0,94.79,29.1,47.48,9.19,0.0
2026-06-16 00:00:00+00:00,1300.53,0.0,82.0,25.73,31.72,6.24,0.0
2026-06-16 01:00:00+00:00,1273.79,0.0,99.84,25.01,54.34,6.93,0.0
2026-06-16 02:00:00+00:00,1271.58,0.0,101.02,27.8,77.56,7.29,0.0
2026-06-16 03:00:00+00:00,1414.42,0.0,77.57,27.36,63.26,4.95,0.0
2026-06-16 04:00:00+00:00,1522.89,0.0,62.05,30.77,91.14,4.79,0.0
2026-06-16 05:00:00+00:00,1641.67,0.0,128.53,26.11,69.22,8.19,0.0
2026-06-16 06:00:00+00:00,1822.8,0.0,30.34,25.77,62.56,2.88,0.0
2026-06-16 07:00:00+00:00,2246.95,69.0,15.48,28.09,96.43,1.65,50.29
2026-06-16 08:00:00+00:00,2301.57,119.76,115.64,30.94,68.11,6.96,216.05
2026-06-16 09:00:00+00:00,2508.18,184.39,2.05,31.97,58.6,0.5,380.64
2026-06-16 10:00:00+00:00,2730.42,170.71,31.22,34.03,72.69,2.71,412.26
2026-06-16 11:00:00+00:00,2888.17,260.53,70.38,34.3,52.42,6.29,612.71
2026-06-16 12:00:00+00:00,3033.66,282.06,23.43,35.78,53.94,2.96,524.01
2026-06-16 13:00:00+00:00,2938.48,277.65,24.42,33.12,50.07,2.21,570.36
2026-06-16 14:00:00+00:00,2979.4,413.0,0.11,35.53,4.0,1.93,763.93
2026-06-16 15:00:00+00:00,2811.87,160.23,0.0,33.02,65.3,0.5,385.25
2026-06-16 16:00:00+00:00,2774.77,138.86,51.67,30.99,56.51,4.67,332.44
2026-06-16 17:00:00+00:00,2458.41,92.56,13.04,30.95,47.93,3.63,160.5
2026-06-16 18:00:00+00:00,2455.23,10.96,33.23,30.17,32.14,7.34,22.53
2026-06-16 19:00:00+00:00,2220.9,0.0,38.78,26.89,17.93,4.74,0.0
2026-06-16 20:00:00+00:00,1795.62,0.0,41.46,25.95,21.8,6.57,0.0
2026-06-16 21:00:00+00:00,1516.7,0.0,70.85,27.46,56.72,8.34,0.0
2026-06-16 22:00:00+00:00,1369.26,0.0,93.37,27.1,48.71,10.83,0.0
2026-06-16 23:00:00+00:00,1436.65,0.0,121.0,27.88,22.39,10.85,0.0
2026-06-17 00:00:00+00:00,1345.89,0.0,120.61,26.14,62.21,10.14,0.0
2026-06-17 01:00:00+00:00,1287.8,0.0,102.37,27.4,40.93,7.6,0.0
2026-06-17 02:00:00+00:00,1445.78,0.0,96.66,28.5,41.62,7.35,0.0
2026-06-17 03:00:00+00:00,1408.09,0.0,147.22,25.76,63.64,8.81,0.0
2026-06-17 04:00:00+00:00,1720.53,0.0,119.66,28.28,75.62,7.61,0.0
2026-06-17 05:00:00+00:00,1708.63,0.0,93.28,23.99,88.55,4.86,0.0
2026-06-17 06:00:00+00:00,1928.12,7.86,32.72,26.59,46.23,1.8,0.0
2026-06-17 07:00:00+00:00,2136.75,107.76,72.85,28.17,29.84,4.33,172.45
2026-06-17 08:00:00+00:00,2332.24,114.56,81.15,32.64,66.43,4.56,229.57
2026-06-17 09:00:00+00:00,2595.49,122.06,22.71,31.94,68.42,2.35,342.57
2026-06-17 10:00:00+00:00,2659.45,354.8,25.7,31.1,22.5,1.05,685.01
2026-06-17 11:00:00+00:00,2813.1,261.36,47.53,35.82,52.85,4.81,565.83
2026-06-17 12:00:00+00:00,2802.14,319.94,31.68,32.66,44.63,3.61,683.84
2026-06-17 13:00:00+00:00,2919.68,297.26,0.0,34.54,44.15,0.5,641.3
2026-06-17 14:00:00+00:00,2936.88,276.3,15.12,32.35,48.92,2.02,535.1
2026-06-17 15:00:00+00:00,2828.25,188.36,21.5,30.32,55.4,2.22,434.78
2026-06-17 16:00:00+00:00,2818.14,95.31,30.03,34.42,68.16,3.64,250.31
2026-06-17 17:00:00+00:00,2337.94,69.28,12.89,30.25,40.22,2.56,122.79
2026-06-17 18:00:00+00:00,2334.87,0.0,45.24,28.56,64.06,7.21,0.0
2026-06-17 19:00:00+00:00,2185.11,0.0,23.44,27.27,44.8,5.1,0.0
2026-06-17 20:00:00+00:00,2007.6,0.0,51.88,27.01,75.97,6.95,0.0
2026-06-17 21:00:00+00:00,1637.64,0.0,59.44,27.87,38.54,6.78,0.0
2026-06-17 22:00:00+00:00,1563.64,0.0,86.68,25.72,52.48,9.77,0.0
2026-06-17 23:00:00+00:00,1260.67,0.0,97.97,27.68,41.49,9.77,0.0
2026-06-18 00:00:00+00:00,1398.87,0.0,117.96,24.01,27.57,10.73,0.0
2026-06-18 01:00:00+00:00,1493.63,0.0,92.62,24.74,9.41,6.81,0.0
2026-06-18 02:00:00+00:00,1303.47,0.0,64.41,26.16,64.48,4.48,0.0
2026-06-18 03:00:00+00:00,1460.65,0.0,111.85,26.87,72.47,7.81,0.0
2026-06-18 04:00:00+00:00,1463.3,0.0,86.3,28.35,87.42,4.56,0.0
2026-06-18 05:00:00+00:00,1816.4,0.0,82.0,26.71,85.55,4.89,0.0
2026-06-18 06:00:00+00:00,1857.06,6.79,55.62,29.39,88.47,4.28,0.0
2026-06-18 07:00:00+00:00,2055.81,43.28,99.28,31.25,56.41,6.52,73.51
2026-06-18 08:00:00+00:00,2351.38,109.24,54.95,31.87,60.3,2.99,264.32
2026-06-18 09:00:00+00:00,2715.73,156.67,57.61,33.53,66.38,3.99,363.65
2026-06-18 10:00:00+00:00,2693.01,286.41,7.59,32.2,42.02,0.5,534.44
2026-06-18 11:00:00+00:00,2780.78,219.99,48.29,32.68,67.39,3.58,474.01
2026-06-18 12:00:00+00:00,2915.32,274.09,42.81,31.83,48.98,2.52,579.13
2026-06-18 13:00:00+00:00,2892.99,308.19,18.62,35.7,42.33,2.83,551.71
2026-06-18 14:00:00+00:00,2957.58,195.71,0.0,34.4,72.46,0.5,377.79
2026-06-18 15:00:00+00:00,2802.55,149.19,12.19,32.91,66.71,0.5,314.93
2026-06-18 16:00:00+00:00,2795.56,218.95,26.87,31.86,10.39,4.53,401.52
2026-06-18 17:00:00+00:00,2559.61,63.26,37.36,31.1,46.96,5.12,109.45
2026-06-18 18:00:00+00:00,2364.16,3.62,16.44,26.86,41.69,3.39,0.0
2026-06-18 19:00:00+00:00,2121.51,0.0,33.74,29.18,28.9,5.84,0.0
2026-06-18 20:00:00+00:00,2001.96,0.0,31.24,27.71,29.01,5.68,0.0
2026-06-18 21:00:00+00:00,1667.58,0.0,78.21,23.38,63.56,12.22,0.0
2026-06-18 22:00:00+00:00,1445.24,0.0,71.96,26.53,38.21,7.22,0.0
2026-06-18 23:00:00+00:00,1571.39,0.0,98.14,27.79,23.7,9.3,0.0
2026-06-19 00:00:00+00:00,1188.81,0.0,109.33,26.49,47.87,9.23,0.0
2026-06-19 01:00:00+00:00,1433.43,0.0,86.81,26.41,81.6,7.55,0.0
2026-06-19 02:00:00+00:00,1341.45,0.0,95.14,27.88,62.29,5.86,0.0
2026-06-19 03:00:00+00:00,1334.99,0.0,104.3,26.51,35.23,7.09,0.0
2026-06-19 04:00:00+00:00,1572.88,0.0,47.06,26.88,37.41,3.27,0.0
2026-06-19 05:00:00+00:00,1642.89,0.0,91.11,23.15,76.26,6.32,0.0
2026-06-19 06:00:00+00:00,1927.76,0.0,170.92,30.25,70.24,9.77,12.61
2026-06-19 07:00:00+00:00,2080.14,51.48,67.46,31.23,83.26,3.18,90.57
2026-06-19 08:00:00+00:00,2395.39,98.27,57.77,30.81,56.62,4.13,272.77
2026-06-19 09:00:00+00:00,2504.33,294.23,12.01,31.36,25.8,0.95,499.48
2026-06-19 10:00:00+00:00,2619.59,236.99,61.54,31.78,56.65,4.5,455.8
2026-06-19 11:00:00+00:00,2863.86,263.77,33.28,34.8,53.68,3.51,527.19
2026-06-19 12:00:00+00:00,2889.86,265.73,0.0,31.65,60.29,1.3,507.61
2026-06-19 13:00:00+00:00,2985.15,335.97,40.92,31.58,32.27,5.02,690.76
2026-06-19 14:00:00+00:00,2955.01,278.87,39.86,34.0,43.37,3.5,548.41
2026-06-19 15:00:00+00:00,2944.02,293.77,0.0,33.75,15.1,0.5,602.4
2026-06-19 16:00:00+00:00,2660.67,130.41,52.17,31.65,50.97,7.1,312.57
2026-06-19 17:00:00+00:00,2590.88,93.72,65.44,29.84,20.29,8.32,254.99
2026-06-19 18:00:00+00:00,2366.26,9.55,53.4,29.96,41.64,7.5,19.06
2026-06-19 19:00:00+00:00,1997.61,0.0,48.71,24.32,36.77,4.66,0.0
2026-06-19 20:00:00+00:00,2000.99,0.0,51.55,29.59,57.4,7.01,0.0
2026-06-19 21:00:00+00:00,1704.83,0.0,51.33,27.3,22.99,7.92,0.0
2026-06-19 22:00:00+00:00,1605.85,0.0,102.72,26.92,41.3,11.19,0.0
2026-06-19 23:00:00+00:00,1320.59,0.0,76.2,27.37,46.78,7.49,0.0
2026-06-20 00:00:00+00:00,1159.47,0.0,87.39,25.88,31.25,9.02,0.0
2026-06-20 01:00:00+00:00,1187.07,0.0,130.21,26.82,68.82,10.02,0.0
2026-06-20 02:00:00+00:00,1158.51,0.0,130.28,25.73,41.24,8.29,0.0
2026-06-20 03:00:00+00:00,1170.57,0.0,72.6,28.65,58.62,4.63,0.0
2026-06-20 04:00:00+00:00,1263.85,0.0,105.79,26.7,54.32,7.01,0.0
2026-06-20 05:00:00+00:00,1466.86,0.0,91.95,27.47,58.46,6.26,0.0
2026-06-20 06:00:00+00:00,1460.06,0.44,44.91,28.28,86.57,2.68,0.0
2026-06-20 07:00:00+00:00,1911.68,23.31,4.45,30.12,82.7,0.5,116.39
2026-06-20 08:00:00+00:00,2113.55,141.68,64.6,30.37,49.58,2.85,344.1
2026-06-20 09:00:00+00:00,2193.07,145.17,49.44,32.59,86.91,2.69,271.59
2026-06-20 10:00:00+00:00,2372.56,173.55,26.56,32.27,72.03,1.68,390.43
2026-06-20 11:00:00+00:00,2484.98,231.05,23.84,33.85,58.93,2.95,469.69
2026-06-20 12:00:00+00:00,2393.14,280.31,1.3,33.91,51.26,0.61,617.37
2026-06-20 13:00:00+00:00,2526.44,252.14,0.0,33.76,50.3,0.5,599.54
2026-06-20 14:00:00+00:00,2509.55,305.83,9.01,33.31,39.19,2.2,574.97
2026-06-20 15:00:00+00:00,2351.05,248.28,11.07,30.78,22.99,3.46,576.19
2026-06-20 16:00:00+00:00,2244.65,206.07,12.93,30.25,28.64,2.68,365.23
2026-06-20 17:00:00+00:00,2133.2,81.16,23.76,29.0,42.69,1.15,178.33
2026-06-20 18:00:00+00:00,1966.59,0.0,22.81,28.07,65.9,4.55,0.0
2026-06-20 19:00:00+00:00,1863.99,0.0,42.56,27.6,43.84,4.53,0.0
2026-06-20 20:00:00+00:00,1458.54,0.0,64.51,29.15,44.95,9.23,0.0
2026-06-20 21:00:00+00:00,1431.71,0.0,67.43,25.7,41.18,5.98,0.0
2026-06-20 22:00:00+00:00,1310.22,0.0,65.45,26.75,48.71,7.13,0.0
2026-06-20 23:00:00+00:00,1220.87,0.0,121.99,27.67,63.6,11.19,0.0
2026-06-21 00:00:00+00:00,1197.45,0.0,117.39,25.27,48.68,9.88,0.0
2026-06-21 01:00:00+00:00,1128.15,0.0,129.92,28.33,61.24,10.3,0.0
2026-06-21 02:00:00+00:00,836.3,0.0,101.25,27.5,13.54,8.36,0.0
2026-06-21 03:00:00+00:00,1139.13,0.0,86.62,27.68,67.77,4.8,0.0
2026-06-21 04:00:00+00:00,1336.81,0.0,120.09,26.27,96.63,6.5,0.0
2026-06-21 05:00:00+00:00,1442.15,0.0,78.02,27.2,49.45,5.56,0.0
2026-06-21 06:00:00+00:00,1586.38,0.0,116.38,28.62,53.87,6.85,1.04
2026-06-21 07:00:00+00:00,1770.3,54.78,39.75,31.22,49.49,2.14,189.22
2026-06-21 08:00:00+00:00,2023.87,176.08,49.29,32.19,40.03,3.96,351.98
2026-06-21 09:00:00+00:00,2288.82,215.28,42.23,33.03,56.07,1.91,424.64
2026-06-21 10:00:00+00:00,2323.77,218.79,55.16,33.17,62.79,3.94,456.79
2026-06-21 11:00:00+00:00,2442.15,301.18,39.93,32.74,47.67,3.37,593.18
2026-06-21 12:00:00+00:00,2478.78,243.16,0.0,35.13,55.68,0.5,609.17
2026-06-21 13:00:00+00:00,2549.04,299.3,19.28,32.3,46.9,1.55,587.41
2026-06-21 14:00:00+00:00,2326.58,246.85,4.54,33.94,51.74,0.5,499.63
2026-06-21 15:00:00+00:00,2474.27,177.08,26.69,34.1,57.21,3.28,378.67
2026-06-21 16:00:00+00:00,2234.13,204.94,44.49,32.98,28.64,5.11,384.39
2026-06-21 17:00:00+00:00,2175.11,89.11,21.5,30.45,24.08,2.51,179.42
2026-06-21 18:00:00+00:00,1850.81,22.08,36.29,27.14,31.94,5.22,73.35
2026-06-21 19:00:00+00:00,1772.71,0.0,60.12,27.62,37.29,6.67,0.0
2026-06-21 20:00:00+00:00,1604.18,0.0,27.51,26.32,53.99,5.21,0.0
2026-06-21 21:00:00+00:00,1429.25,0.0,45.5,27.68,61.07,6.97,0.0
2026-06-21 22:00:00+00:00,1322.31,0.0,66.1,26.66,18.61,5.77,0.0
2026-06-21 23:00:00+00:00,1233.81,0.0,110.18,31.21,37.32,10.77,0.0
2026-06-22 00:00:00+00:00,1294.59,0.0,81.93,27.65,50.93,8.22,0.0
2026-06-22 01:00:00+00:00,1252.31,0.0,95.27,24.68,63.68,7.34,0.0
2026-06-22 02:00:00+00:00,1425.36,0.0,104.84,28.19,60.21,6.29,0.0
2026-06-22 03:00:00+00:00,1497.59,0.0,152.16,27.74,75.21,9.61,0.0
2026-06-22 04:00:00+00:00,1590.37,0.0,55.31,27.9,70.79,4.31,0.0
2026-06-22 05:00:00+00:00,1818.99,0.0,120.29,25.81,84.04,7.46,0.0
2026-06-22 06:00:00+00:00,1983.64,0.0,90.25,27.27,61.39,5.2,2.37
2026-06-22 07:00:00+00:00,2081.13,49.82,67.07,28.81,71.24,4.23,99.81
2026-06-22 08:00:00+00:00,2297.86,117.9,41.33,34.16,61.51,3.01,202.54
2026-06-22 09:00:00+00:00,2572.09,180.95,82.97,34.61,58.13,5.46,391.61
2026-06-22 10:00:00+00:00,2755.46,361.43,11.81,35.91,22.71,0.5,645.14
2026-06-22 11:00:00+00:00,2918.62,208.67,48.34,33.25,69.17,4.16,473.99
2026-06-22 12:00:00+00:00,2752.36,263.49,11.49,35.05,51.66,2.0,634.23
2026-06-22 13:00:00+00:00,2880.39,349.59,23.2,33.28,42.3,0.5,594.63
2026-06-22 14:00:00+00:00,2904.06,284.37,3.73,32.71,37.05,0.5,529.68
2026-06-22 15:00:00+00:00,2828.23,251.36,34.37,30.13,27.96,3.18,528.74
2026-06-22 16:00:00+00:00,2644.87,158.6,31.65,30.3,46.5,3.48,269.2
2026-06-22 17:00:00+00:00,2561.24,95.34,62.26,30.08,58.49,6.24,134.41
2026-06-22 18:00:00+00:00,2201.25,0.0,57.33,27.16,21.1,7.97,0.0
2026-06-22 19:00:00+00:00,2043.01,0.0,21.48,26.85,25.75,4.43,0.0
2026-06-22 20:00:00+00:00,1860.14,0.0,58.84,30.42,41.47,8.27,0.0
2026-06-22 21:00:00+00:00,1555.15,0.0,13.0,25.93,0.0,4.37,0.0
2026-06-22 22:00:00+00:00,1637.56,0.0,72.94,25.21,62.37,7.51,0.0
2026-06-22 23:00:00+00:00,1465.48,0.0,87.02,28.17,32.6,8.95,0.0
2026-06-23 00:00:00+00:00,1237.44,0.0,68.67,27.84,58.49,6.9,0.0
2026-06-23 01:00:00+00:00,1302.13,0.0,87.52,27.13,58.79,6.31,0.0
2026-06-23 02:00:00+00:00,1247.16,0.0,160.66,27.93,80.78,10.15,0.0
2026-06-23 03:00:00+00:00,1374.21,0.0,92.25,26.2,76.28,7.26,0.0
2026-06-23 04:00:00+00:00,1655.66,0.0,126.96,26.74,39.6,8.43,0.0
2026-06-23 05:00:00+00:00,1761.96,0.0,74.17,27.45,53.61,4.52,0.0
2026-06-23 06:00:00+00:00,1980.72,0.0,116.15,31.61,57.77,7.0,2.92
2026-06-23 07:00:00+00:00,2149.26,96.44,106.01,30.12,51.95,5.55,171.77
2026-06-23 08:00:00+00:00,2273.11,131.41,39.67,30.94,68.59,2.25,244.94
2026-06-23 09:00:00+00:00,2596.76,123.15,10.11,32.21,78.51,0.5,242.88
2026-06-23 10:00:00+00:00,2699.34,220.2,86.85,31.34,57.15,6.41,507.18
2026-06-23 11:00:00+00:00,2749.41,233.19,39.51,30.63,57.75,3.79,487.39
2026-06-23 12:00:00+00:00,2913.82,384.73,27.7,34.08,18.73,3.23,810.21
2026-06-23 13:00:00+00:00,3049.52,454.94,18.64,35.68,4.45,1.41,808.16
2026-06-23 14:00:00+00:00,2816.58,198.12,10.69,34.18,70.04,2.0,426.75
2026-06-23 15:00:00+00:00,2895.6,242.87,0.0,31.69,39.06,0.5,477.54
2026-06-23 16:00:00+00:00,2755.49,153.76,7.79,31.31,48.14,0.5,273.34
2026-06-23 17:00:00+00:00,2529.11,71.57,42.15,33.08,42.54,5.54,248.2
2026-06-23 18:00:00+00:00,2333.2,0.0,28.73,29.66,27.1,2.94,69.3
2026-06-23 19:00:00+00:00,1996.65,0.0,50.71,26.83,31.72,6.9,0.0
2026-06-23 20:00:00+00:00,1852.38,0.0,38.06,29.87,44.0,5.75,0.0
2026-06-23 21:00:00+00:00,1561.34,0.0,81.43,26.62,33.73,8.95,0.0
2026-06-23 22:00:00+00:00,1640.61,0.0,61.44,26.43,48.15,5.34,0.0
2026-06-23 23:00:00+00:00,1439.57,0.0,83.07,28.44,23.4,9.56,0.0
2026-06-24 00:00:00+00:00,1341.44,0.0,109.22,26.96,55.47,9.11,0.0
2026-06-24 01:00:00+00:00,1274.6,0.0,26.4,29.21,72.27,2.16,0.0
2026-06-24 02:00:00+00:00,1240.33,0.0,146.38,24.37,58.91,10.1,0.0
2026-06-24 03:00:00+00:00,1363.78,0.0,157.8,25.62,50.53,10.08,0.0
2026-06-24 04:00:00+00:00,1519.71,0.0,129.02,24.19,90.93,7.71,0.0
2026-06-24 05:00:00+00:00,1683.67,0.0,79.68,24.88,82.23,5.13,0.0
2026-06-24 06:00:00+00:00,1892.24,7.7,87.68,28.12,75.42,5.51,19.55
2026-06-24 07:00:00+00:00,2086.35,118.67,121.23,33.63,40.97,6.75,210.35
2026-06-24 08:00:00+00:00,2382.59,138.91,50.85,32.95,63.41,3.07,253.49
2026-06-24 09:00:00+00:00,2577.1,134.49,62.48,31.16,72.97,4.72,346.44
2026-06-24 10:00:00+00:00,2660.84,269.72,28.27,32.02,32.97,2.88,605.61
2026-06-24 11:00:00+00:00,2990.52,304.07,39.49,35.51,43.91,2.82,573.11
2026-06-24 12:00:00+00:00,2958.96,204.54,15.13,37.48,72.75,1.39,445.72
2026-06-24 13:00:00+00:00,2955.75,235.56,23.01,33.23,68.13,1.87,543.5
2026-06-24 14:00:00+00:00,3023.38,319.48,0.0,34.77,31.63,0.69,628.86
2026-06-24 15:00:00+00:00,2890.19,300.36,0.0,30.49,17.99,0.5,563.37
2026-06-24 16:00:00+00:00,2652.58,203.57,60.93,31.21,34.57,7.69,302.58
2026-06-24 17:00:00+00:00,2452.26,102.43,19.66,31.13,37.23,4.88,198.45
2026-06-24 18:00:00+00:00,2257.25,0.0,21.58,29.49,37.68,3.77,0.0
2026-06-24 19:00:00+00:00,2156.96,0.0,11.95,25.34,40.35,3.48,0.0
2026-06-24 20:00:00+00:00,1919.37,0.0,65.01,26.15,27.64,9.15,0.0
2026-06-24 21:00:00+00:00,1859.8,0.0,58.53,27.74,7.79,7.04,0.0
2026-06-24 22:00:00+00:00,1374.52,0.0,69.25,27.1,50.72,9.39,0.0
2026-06-24 23:00:00+00:00,1381.97,0.0,89.79,27.31,35.39,10.52,0.0
2026-06-25 00:00:00+00:00,1312.19,0.0,83.63,25.09,8.75,7.53,0.0
2026-06-25 01:00:00+00:00,1129.22,0.0,104.12,28.61,71.86,7.56,0.0
2026-06-25 02:00:00+00:00,1234.07,0.0,155.54,27.83,62.14,9.56,0.0
2026-06-25 03:00:00+00:00,1332.76,0.0,72.12,25.55,71.84,3.75,0.0
2026-06-25 04:00:00+00:00,1525.92,0.0,125.2,26.6,75.59,6.97,0.0
2026-06-25 05:00:00+00:00,1744.1,0.0,72.74,26.64,37.78,4.17,0.0
2026-06-25 06:00:00+00:00,1782.87,0.0,56.66,26.64,54.13,3.84,0.0
2026-06-25 07:00:00+00:00,2132.86,34.53,53.39,31.44,76.63,3.93,102.18
2026-06-25 08:00:00+00:00,2366.68,114.8,19.02,30.08,53.47,1.17,294.46
2026-06-25 09:00:00+00:00,2431.99,160.34,53.66,32.2,65.73,2.85,313.92
2026-06-25 10:00:00+00:00,2709.73,196.27,66.54,30.0,62.69,4.78,449.11
2026-06-25 11:00:00+00:00,2777.25,386.84,37.58,31.39,18.72,3.99,731.31
2026-06-25 12:00:00+00:00,2954.4,340.84,47.93,33.73,39.06,2.76,679.24
2026-06-25 13:00:00+00:00,2819.58,295.98,58.88,32.22,45.29,4.37,644.77
2026-06-25 14:00:00+00:00,2957.08,265.3,17.6,34.09,45.43,1.97,531.85
2026-06-25 15:00:00+00:00,2690.36,272.32,24.46,32.65,29.22,3.94,599.84
2026-06-25 16:00:00+00:00,2716.47,188.42,13.41,32.36,37.71,5.02,372.14
2026-06-25 17:00:00+00:00,2473.63,87.24,43.44,32.67,41.14,6.38,132.46
2026-06-25 18:00:00+00:00,2307.72,0.0,0.0,29.42,51.27,1.47,29.21
2026-06-25 19:00:00+00:00,1980.63,0.0,48.89,27.75,0.0,7.07,0.0
2026-06-25 20:00:00+00:00,1837.41,0.0,40.0,26.81,54.55,6.14,0.0
2026-06-25 21:00:00+00:00,1681.08,0.0,35.96,28.9,47.44,6.35,0.0
2026-06-25 22:00:00+00:00,1544.6,0.0,107.3,27.58,16.1,9.1,0.0
2026-06-25 23:00:00+00:00,1502.49,0.0,112.26,25.34,44.58,11.49,0.0
2026-06-26 00:00:00+00:00,1271.36,0.0,99.02,27.33,50.03,8.56,0.0
2026-06-26 01:00:00+00:00,1281.81,0.0,97.88,24.59,55.91,8.8,0.0
2026-06-26 02:00:00+00:00,1304.81,0.0,72.06,28.47,62.97,6.15,0.0
2026-06-26 03:00:00+00:00,1356.02,0.0,152.01,25.45,52.54,9.58,0.0
2026-06-26 04:00:00+00:00,1604.16,0.0,94.11,26.18,66.71,6.22,0.0
2026-06-26 05:00:00+00:00,1600.08,0.0,81.84,24.63,43.76,4.71,0.0
2026-06-26 06:00:00+00:00,1802.71,0.0,26.82,28.29,100.0,1.52,6.11
2026-06-26 07:00:00+00:00,2120.78,71.41,130.82,26.8,68.04,8.03,113.67
2026-06-26 08:00:00+00:00,2235.32,191.79,70.66,30.62,28.85,4.78,360.04
2026-06-26 09:00:00+00:00,2414.18,138.25,26.83,31.73,69.7,0.5,372.1
2026-06-26 10:00:00+00:00,2746.72,220.81,6.47,35.01,58.96,0.52,457.16
2026-06-26 11:00:00+00:00,2922.59,258.52,4.58,33.77,50.67,0.5,560.2
2026-06-26 12:00:00+00:00,2954.68,265.03,20.98,32.76,51.67,1.22,634.3
2026-06-26 13:00:00+00:00,3011.3,320.57,22.13,32.66,37.46,2.73,637.46
2026-06-26 14:00:00+00:00,3044.57,344.28,31.86,32.34,34.02,4.6,621.54
2026-06-26 15:00:00+00:00,2747.72,273.69,9.32,32.63,21.75,1.32,525.21
2026-06-26 16:00:00+00:00,2629.57,147.66,0.0,29.67,49.64,1.66,385.36
2026-06-26 17:00:00+00:00,2559.51,56.18,47.56,32.84,52.3,4.82,111.31
2026-06-26 18:00:00+00:00,2365.14,18.19,14.43,30.2,36.43,0.5,0.0
2026-06-26 19:00:00+00:00,1967.33,0.0,53.3,24.6,40.03,7.81,0.0
2026-06-26 20:00:00+00:00,1866.89,0.0,17.24,27.4,32.5,2.8,0.0
2026-06-26 21:00:00+00:00,1696.82,0.0,55.12,26.77,30.94,6.24,0.0
2026-06-26 22:00:00+00:00,1380.64,0.0,76.11,26.53,36.36,7.78,0.0
2026-06-26 23:00:00+00:00,1250.95,0.0,82.11,26.99,46.71,9.82,0.0
2026-06-27 00:00:00+00:00,1091.2,0.0,103.95,27.4,49.89,8.34,0.0
2026-06-27 01:00:00+00:00,936.38,0.0,103.29,28.39,61.14,7.38,0.0
2026-06-27 02:00:00+00:00,1182.07,0.0,91.32,28.82,67.17,5.84,0.0
2026-06-27 03:00:00+00:00,1255.88,0.0,101.95,29.32,47.46,6.67,0.0
2026-06-27 04:00:00+00:00,1311.2,0.0,124.69,25.31,69.21,7.66,0.0
2026-06-27 05:00:00+00:00,1398.01,0.0,65.68,26.6,86.66,3.98,0.0
2026-06-27 06:00:00+00:00,1616.19,0.0,35.81,30.3,42.54,2.38,0.0
2026-06-27 07:00:00+00:00,1857.86,77.37,70.38,31.27,54.87,4.69,138.76
2026-06-27 08:00:00+00:00,2031.95,69.88,82.7,31.23,78.65,4.29,172.15
2026-06-27 09:00:00+00:00,2240.15,156.62,50.9,34.06,64.95,3.19,354.54
2026-06-27 10:00:00+00:00,2250.04,228.51,23.87,34.62,49.07,1.17,488.6
2026-06-27 11:00:00+00:00,2585.61,173.2,7.49,36.53,75.26,0.5,454.89
2026-06-27 12:00:00+00:00,2331.55,283.14,16.08,30.97,54.0,0.5,581.98
2026-06-27 13:00:00+00:00,2458.09,342.72,9.72,32.64,29.06,0.5,692.9
2026-06-27 14:00:00+00:00,2529.69,335.93,18.04,32.64,26.36,1.29,674.57
2026-06-27 15:00:00+00:00,2420.44,224.35,30.9,30.78,39.88,3.17,453.11
2026-06-27 16:00:00+00:00,2251.26,265.38,39.97,32.31,0.0,5.88,358.57
2026-06-27 17:00:00+00:00,2215.32,107.98,30.99,28.08,19.11,6.28,145.62
2026-06-27 18:00:00+00:00,1823.46,0.0,36.25,28.11,19.74,6.73,21.97
2026-06-27 19:00:00+00:00,1782.34,0.0,49.81,28.93,15.26,8.98,0.0
2026-06-27 20:00:00+00:00,1616.59,0.0,16.71,25.97,24.99,3.95,0.0
2026-06-27 21:00:00+00:00,1384.83,0.0,19.49,23.72,33.7,3.52,0.0
2026-06-27 22:00:00+00:00,1323.8,0.0,52.92,25.68,72.51,7.71,0.0
2026-06-27 23:00:00+00:00,1268.75,0.0,48.64,26.01,49.35,5.85,0.0
2026-06-28 00:00:00+00:00,1076.93,0.0,94.46,26.55,41.21,8.33,0.0
2026-06-28 01:00:00+00:00,1124.07,0.0,114.05,26.63,42.87,8.87,0.0
2026-06-28 02:00:00+00:00,1103.63,0.0,102.0,26.34,69.45,7.13,0.0
2026-06-28 03:00:00+00:00,1044.65,0.0,133.84,29.53,40.5,8.66,0.0
2026-06-28 04:00:00+00:00,1259.33,0.0,109.75,29.34,70.32,6.84,0.0
2026-06-28 05:00:00+00:00,1460.87,0.0,78.05,26.6,52.7,5.2,0.0
2026-06-28 06:00:00+00:00,1627.54,14.48,97.24,27.77,44.6,5.78,16.36
2026-06-28 07:00:00+00:00,1975.1,48.17,59.99,30.86,69.05,4.04,109.79
2026-06-28 08:00:00+00:00,1985.46,94.24,22.93,32.13,66.77,0.69,283.38
2026-06-28 09:00:00+00:00,2176.03,254.73,99.39,33.46,41.64,6.43,479.5
2026-06-28 10:00:00+00:00,2316.06,249.42,51.81,33.27,47.6,3.57,546.41
2026-06-28 11:00:00+00:00,2221.35,349.69,1.7,33.71,33.88,0.5,689.93
2026-06-28 12:00:00+00:00,2540.1,333.56,34.1,35.94,42.6,3.32,632.5
2026-06-28 13:00:00+00:00,2597.4,386.09,20.28,35.31,31.21,2.69,716.12
2026-06-28 14:00:00+00:00,2468.66,316.63,41.79,31.24,27.58,3.72,651.02
2026-06-28 15:00:00+00:00,2430.76,178.88,51.77,30.68,56.78,8.59,406.5
2026-06-28 16:00:00+00:00,2296.33,212.74,1.36,30.58,20.62,0.61,439.82
2026-06-28 17:00:00+00:00,2109.57,70.38,14.37,30.02,49.98,4.16,171.24
2026-06-28 18:00:00+00:00,1958.24,0.81,12.53,26.02,31.08,5.11,0.0
2026-06-28 19:00:00+00:00,1692.71,0.0,46.37,25.61,41.62,6.55,0.0
2026-06-28 20:00:00+00:00,1571.56,0.0,40.0,28.52,48.67,6.31,0.0
2026-06-28 21:00:00+00:00,1455.55,0.0,76.33,27.68,42.32,8.38,0.0
2026-06-28 22:00:00+00:00,1239.81,0.0,67.53,27.12,54.27,9.34,0.0
2026-06-28 23:00:00+00:00,1139.0,0.0,54.07,29.3,49.97,4.47,0.0
2026-06-29 00:00:00+00:00,1243.48,0.0,118.04,26.56,42.32,10.8,0.0
2026-06-29 01:00:00+00:00,1372.9,0.0,117.21,27.29,59.74,8.89,0.0
2026-06-29 02:00:00+00:00,1335.86,0.0,111.57,27.71,53.61,7.72,0.0
2026-06-29 03:00:00+00:00,1342.45,0.0,110.28,28.14,68.93,7.21,0.0
2026-06-29 04:00:00+00:00,1492.41,0.0,178.8,26.94,65.89,10.91,0.0
2026-06-29 05:00:00+00:00,1669.76,0.0,175.66,28.58,65.96,10.45,0.0
2026-06-29 06:00:00+00:00,1918.47,18.89,90.68,27.78,59.73,5.5,25.39
2026-06-29 07:00:00+00:00,2044.46,7.43,92.05,29.77,100.0,5.01,56.06
2026-06-29 08:00:00+00:00,2253.28,98.66,56.2,30.93,64.9,3.37,277.24
2026-06-29 09:00:00+00:00,2491.71,152.47,9.71,33.41,65.59,1.26,378.43
2026-06-29 10:00:00+00:00,2969.59,165.6,43.78,35.26,67.0,3.61,468.69
2026-06-29 11:00:00+00:00,2738.73,322.49,7.0,32.88,41.12,0.5,622.03
2026-06-29 12:00:00+00:00,3112.92,263.45,18.78,34.7,57.62,3.21,543.1
2026-06-29 13:00:00+00:00,2897.08,432.59,27.65,32.3,20.01,2.14,749.71
2026-06-29 14:00:00+00:00,2952.53,302.21,2.78,34.4,28.53,0.5,632.26
2026-06-29 15:00:00+00:00,2816.68,248.36,16.23,32.53,36.17,1.25,466.77
2026-06-29 16:00:00+00:00,2761.03,175.58,26.89,33.1,32.59,2.59,365.35
2026-06-29 17:00:00+00:00,2527.22,70.39,52.21,31.74,54.89,7.78,121.71
2026-06-29 18:00:00+00:00,2313.93,0.0,23.57,28.0,12.72,5.19,0.0
2026-06-29 19:00:00+00:00,2274.87,0.0,50.19,27.33,37.77,6.94,0.0
2026-06-29 20:00:00+00:00,2019.57,0.0,19.57,27.7,20.85,3.93,0.0
2026-06-29 21:00:00+00:00,1627.8,0.0,53.39,25.41,38.81,6.94,0.0
2026-06-29 22:00:00+00:00,1609.72,0.0,49.02,28.82,30.41,4.81,0.0
2026-06-29 23:00:00+00:00,1402.8,0.0,78.13,26.05,22.39,6.41,0.0
2026-06-30 00:00:00+00:00,1136.76,0.0,119.42,25.42,48.73,9.35,0.0
2026-06-30 01:00:00+00:00,1386.77,0.0,114.26,25.2,58.86,8.39,0.0
2026-06-30 02:00:00+00:00,1311.66,0.0,116.33,23.41,45.73,7.87,0.0
2026-06-30 03:00:00+00:00,1259.47,0.0,97.19,28.16,69.73,6.69,0.0
2026-06-30 04:00:00+00:00,1606.99,0.0,125.44,27.6,46.63,7.76,0.0
2026-06-30 05:00:00+00:00,1656.28,0.0,137.68,22.38,45.32,9.55,0.0
2026-06-30 06:00:00+00:00,1942.0,5.45,127.14,30.82,65.2,7.21,8.31
2026-06-30 07:00:00+00:00,2246.55,62.2,13.27,33.68,79.05,1.06,123.57
2026-06-30 08:00:00+00:00,2314.75,85.19,133.39,33.22,76.91,8.65,196.78
2026-06-30 09:00:00+00:00,2478.13,326.11,30.68,31.17,19.17,2.01,566.16
2026-06-30 10:00:00+00:00,2853.77,212.22,62.4,35.24,61.42,4.05,468.65
2026-06-30 11:00:00+00:00,2836.45,289.8,50.32,34.35,49.56,2.91,649.15
2026-06-30 12:00:00+00:00,2780.42,312.98,7.53,35.68,50.18,0.5,614.45
2026-06-30 13:00:00+00:00,2976.83,344.44,6.03,35.3,32.59,0.5,688.3
2026-06-30 14:00:00+00:00,3102.9,231.63,20.71,37.45,55.02,4.5,518.86
2026-06-30 15:00:00+00:00,2770.85,224.15,15.13,32.22,51.57,0.94,412.31
2026-06-30 16:00:00+00:00,2607.61,120.67,26.63,32.45,46.33,3.43,316.93
2026-06-30 17:00:00+00:00,2431.44,66.27,55.17,30.75,53.65,7.37,196.72
2026-06-30 18:00:00+00:00,2277.95,11.83,37.25,32.77,57.2,7.24,0.0
2026-06-30 19:00:00+00:00,2071.62,0.0,36.88,26.61,33.79,8.96,0.0
2026-06-30 20:00:00+00:00,1886.01,0.0,45.58,27.73,26.52,6.59,0.0
2026-06-30 21:00:00+00:00,1754.72,0.0,43.36,28.16,16.4,6.09,0.0
2026-06-30 22:00:00+00:00,1530.71,0.0,70.63,24.56,52.53,9.84,0.0
2026-06-30 23:00:00+00:00,1336.18,0.0,76.73,28.03,21.22,8.52,0.0
2026-07-01 00:00:00+00:00,1374.36,0.0,73.84,26.3,47.25,6.71,0.0
2026-07-01 01:00:00+00:00,1230.72,0.0,67.8,28.44,58.1,6.5,0.0
2026-07-01 02:00:00+00:00,1284.4,0.0,31.42,27.4,52.18,2.85,0.0
2026-07-01 03:00:00+00:00,1495.98,0.0,78.0,29.33,35.06,4.24,0.0
2026-07-01 04:00:00+00:00,1348.15,0.0,105.08,25.85,53.51,7.73,0.0
2026-07-01 05:00:00+00:00,1708.07,0.0,92.25,26.54,87.74,4.9,0.0
2026-07-01 06:00:00+00:00,1803.06,15.41,72.59,32.13,56.35,4.97,54.66
2026-07-01 07:00:00+00:00,2128.32,78.72,36.77,30.41,60.85,2.31,108.95
2026-07-01 08:00:00+00:00,2396.17,139.98,21.14,31.57,71.56,1.56,257.52
2026-07-01 09:00:00+00:00,2494.96,149.12,60.39,31.81,72.14,4.52,314.27
2026-07-01 10:00:00+00:00,2558.5,191.93,49.65,32.68,58.84,4.39,455.52
2026-07-01 11:00:00+00:00,2758.28,268.83,19.71,31.83,51.56,0.5,549.41
2026-07-01 12:00:00+00:00,2973.34,299.42,3.5,34.96,50.24,1.08,585.55
2026-07-01 13:00:00+00:00,2935.35,447.25,17.39,33.85,15.64,2.53,801.54
2026-07-01 14:00:00+00:00,2935.64,294.31,33.96,33.62,41.96,2.2,557.95
2026-07-01 15:00:00+00:00,2769.33,217.82,34.1,32.5,51.62,1.48,440.36
2026-07-01 16:00:00+00:00,2729.17,245.15,27.72,31.28,4.12,2.4,474.59
2026-07-01 17:00:00+00:00,2543.5,84.99,38.38,30.99,53.78,6.06,195.08
2026-07-01 18:00:00+00:00,2316.95,0.0,36.33,28.06,60.6,5.43,24.15
2026-07-01 19:00:00+00:00,2082.78,0.0,33.91,29.12,43.84,2.35,0.0
2026-07-01 20:00:00+00:00,1947.54,0.0,74.76,26.65,10.0,10.29,0.0
2026-07-01 21:00:00+00:00,1791.86,0.0,54.51,26.41,55.63,6.04,0.0
2026-07-01 22:00:00+00:00,1617.97,0.0,57.79,27.33,44.68,7.25,0.0
2026-07-01 23:00:00+00:00,1445.6,0.0,99.09,24.53,55.33,9.16,0.0
2026-07-02 00:00:00+00:00,1288.29,0.0,89.15,26.48,61.81,7.91,0.0
2026-07-02 01:00:00+00:00,1165.67,0.0,114.23,29.99,27.86,8.9,0.0
2026-07-02 02:00:00+00:00,1296.86,0.0,97.67,26.31,26.22,8.38,0.0
2026-07-02 03:00:00+00:00,1435.9,0.0,154.03,28.22,82.13,10.1,0.0
2026-07-02 04:00:00+00:00,1458.99,0.0,142.26,28.95,88.23,8.77,0.0
2026-07-02 05:00:00+00:00,1881.84,0.0,117.17,27.62,37.34,6.72,0.0
2026-07-02 06:00:00+00:00,1845.22,0.0,93.56,31.17,67.74,4.85,11.44
2026-07-02 07:00:00+00:00,2161.86,82.8,111.55,32.31,49.62,6.16,153.27
2026-07-02 08:00:00+00:00,2264.14,107.08,70.59,31.58,84.14,4.12,216.3
2026-07-02 09:00:00+00:00,2576.42,217.36,29.13,33.56,36.48,1.23,518.74
2026-07-02 10:00:00+00:00,2797.11,135.68,21.61,32.47,78.67,2.23,376.78
2026-07-02 11:00:00+00:00,2911.13,207.12,2.56,33.49,66.29,0.5,435.11
2026-07-02 12:00:00+00:00,2828.65,358.96,16.31,31.17,39.82,1.98,689.02
2026-07-02 13:00:00+00:00,2929.05,224.84,40.85,32.76,69.18,2.53,451.85
2026-07-02 14:00:00+00:00,2899.25,282.03,35.07,32.06,41.86,2.58,532.31
2026-07-02 15:00:00+00:00,2810.59,260.87,19.05,34.31,34.46,2.45,510.14
2026-07-02 16:00:00+00:00,2796.99,195.09,49.82,30.01,22.66,6.39,377.34
2026-07-02 17:00:00+00:00,2491.49,107.91,0.0,33.84,19.65,0.5,241.02
2026-07-02 18:00:00+00:00,2226.39,0.0,27.46,29.36,20.74,4.64,13.49
2026-07-02 19:00:00+00:00,2068.04,0.0,38.4,24.82,29.17,6.01,0.0
2026-07-02 20:00:00+00:00,2007.82,0.0,53.18,26.93,27.17,7.88,0.0
2026-07-02 21:00:00+00:00,1825.26,0.0,68.93,27.69,35.8,7.85,0.0
2026-07-02 22:00:00+00:00,1516.59,0.0,102.21,24.3,49.31,10.06,0.0
2026-07-02 23:00:00+00:00,1266.66,0.0,82.45,25.92,23.83,8.18,0.0
2026-07-03 00:00:00+00:00,1244.7,0.0,62.85,28.88,21.35,5.44,0.0
2026-07-03 01:00:00+00:00,1339.62,0.0,128.56,26.4,74.87,9.81,0.0
2026-07-03 02:00:00+00:00,1238.3,0.0,140.28,27.54,44.57,9.31,0.0
2026-07-03 03:00:00+00:00,1439.2,0.0,74.29,28.73,63.77,6.77,0.0
2026-07-03 04:00:00+00:00,1590.84,0.0,101.61,27.41,61.29,6.4,0.0
2026-07-03 05:00:00+00:00,1709.19,0.0,99.14,25.24,62.37,5.91,0.0
2026-07-03 06:00:00+00:00,1761.84,2.69,83.34,30.51,48.71,5.35,38.7
2026-07-03 07:00:00+00:00,1998.85,56.96,51.06,29.69,50.92,3.88,209.11
2026-07-03 08:00:00+00:00,2292.15,129.69,79.75,34.04,56.06,3.45,269.75
2026-07-03 09:00:00+00:00,2426.53,227.98,75.05,34.58,47.81,4.17,408.6
2026-07-03 10:00:00+00:00,2769.77,245.06,13.11,34.85,50.45,2.07,539.76
2026-07-03 11:00:00+00:00,2878.63,212.22,15.2,33.95,70.07,0.5,482.42
2026-07-03 12:00:00+00:00,2873.04,382.32,0.0,32.91,25.75,0.93,772.2
2026-07-03 13:00:00+00:00,3042.3,243.84,36.14,36.41,58.5,3.64,559.31
2026-07-03 14:00:00+00:00,2949.59,121.88,47.25,32.64,82.02,3.51,339.31
2026-07-03 15:00:00+00:00,2822.82,215.51,40.18,31.5,46.91,5.01,448.92
2026-07-03 16:00:00+00:00,2611.63,179.2,58.39,30.59,30.27,6.46,355.94
2026-07-03 17:00:00+00:00,2467.41,78.16,35.05,31.26,43.92,3.71,181.94
2026-07-03 18:00:00+00:00,2449.1,0.0,24.71,30.26,20.27,3.29,3.26
2026-07-03 19:00:00+00:00,2066.36,0.0,29.17,24.89,26.0,5.05,0.0
2026-07-03 20:00:00+00:00,1955.33,0.0,33.76,26.96,28.98,3.58,0.0
2026-07-03 21:00:00+00:00,1754.08,0.0,52.45,28.22,16.28,7.72,0.0
2026-07-03 22:00:00+00:00,1688.27,0.0,86.78,26.97,40.76,11.28,0.0
2026-07-03 23:00:00+00:00,1495.21,0.0,92.31,30.69,32.39,9.86,0.0
2026-07-04 00:00:00+00:00,1146.62,0.0,118.23,27.68,48.39,9.11,0.0
2026-07-04 01:00:00+00:00,1151.43,0.0,138.09,27.06,51.36,10.09,0.0
2026-07-04 02:00:00+00:00,1078.5,0.0,99.42,25.95,41.82,6.46,0.0
2026-07-04 03:00:00+00:00,1305.58,0.0,154.2,28.41,58.28,9.98,0.0
2026-07-04 04:00:00+00:00,1314.26,0.0,98.63,25.71,86.62,6.38,0.0
2026-07-04 05:00:00+00:00,1382.33,0.0,146.77,25.61,42.46,7.04,0.0
2026-07-04 06:00:00+00:00,1614.17,8.58,81.9,27.32,46.14,6.02,45.88
2026-07-04 07:00:00+00:00,1605.57,57.4,2.88,29.22,48.38,0.5,161.31
2026-07-04 08:00:00+00:00,2024.15,123.49,65.75,30.2,68.94,4.11,270.0
2026-07-04 09:00:00+00:00,2142.43,140.12,52.29,32.93,68.28,3.16,334.8
2026-07-04 10:00:00+00:00,2391.14,262.6,6.64,33.13,47.55,1.08,496.02
2026-07-04 11:00:00+00:00,2405.73,293.8,6.89,34.99,45.48,0.5,636.41
2026-07-04 12:00:00+00:00,2487.9,318.73,5.82,35.66,50.3,0.5,614.51
2026-07-04 13:00:00+00:00,2617.8,260.48,71.27,30.42,51.48,5.99,618.27
2026-07-04 14:00:00+00:00,2420.6,280.99,12.59,32.19,45.86,0.5,521.77
2026-07-04 15:00:00+00:00,2486.9,314.84,28.9,32.89,19.14,2.26,532.82
2026-07-04 16:00:00+00:00,2238.4,238.74,20.09,30.31,0.0,0.5,492.65
2026-07-04 17:00:00+00:00,2175.21,114.72,29.09,32.14,35.88,3.64,173.26
2026-07-04 18:00:00+00:00,1937.93,0.0,0.0,30.03,52.54,2.66,22.65
2026-07-04 19:00:00+00:00,1799.75,0.0,60.56,25.42,43.48,6.0,0.0
2026-07-04 20:00:00+00:00,1550.1,0.0,52.44,25.04,36.6,7.11,0.0
2026-07-04 21:00:00+00:00,1607.51,0.0,46.5,24.54,60.54,5.76,0.0
2026-07-04 22:00:00+00:00,1257.45,0.0,70.28,28.49,41.7,7.54,0.0
2026-07-04 23:00:00+00:00,1147.29,0.0,102.32,27.42,34.35,7.65,0.0
2026-07-05 00:00:00+00:00,1148.91,0.0,75.56,26.8,73.18,7.61,0.0
2026-07-05 01:00:00+00:00,1122.76,0.0,157.31,26.27,57.04,11.07,0.0
2026-07-05 02:00:00+00:00,1319.39,0.0,101.11,27.9,81.91,7.48,0.0
2026-07-05 03:00:00+00:00,1261.66,0.0,175.79,25.79,42.46,11.78,0.0
2026-07-05 04:00:00+00:00,1180.34,0.0,164.23,28.81,73.31,10.43,0.0
2026-07-05 05:00:00+00:00,1423.37,0.0,137.67,26.24,34.88,7.9,0.0
2026-07-05 06:00:00+00:00,1725.12,0.0,62.99,32.48,59.7,4.16,3.56
2026-07-05 07:00:00+00:00,1932.34,59.77,0.63,31.82,70.17,0.5,87.21
2026-07-05 08:00:00+00:00,1911.42,122.45,78.53,31.18,63.19,4.97,219.69
2026-07-05 09:00:00+00:00,2213.88,231.41,53.66,33.33,42.16,3.59,490.26
2026-07-05 10:00:00+00:00,2224.85,222.04,71.73,32.01,56.42,4.92,482.68
2026-07-05 11:00:00+00:00,2535.86,251.74,31.46,33.21,61.16,3.15,541.54
2026-07-05 12:00:00+00:00,2445.2,289.28,6.09,32.58,48.86,1.1,572.67
2026-07-05 13:00:00+00:00,2528.02,221.86,25.98,33.29,63.79,2.5,573.76
2026-07-05 14:00:00+00:00,2565.31,259.21,44.38,33.65,49.03,6.56,499.3
2026-07-05 15:00:00+00:00,2290.28,162.59,19.95,33.63,58.41,1.16,388.32
2026-07-05 16:00:00+00:00,2239.21,218.64,17.43,30.74,20.38,3.96,373.19
2026-07-05 17:00:00+00:00,2071.8,102.68,34.29,28.87,37.82,6.16,211.35
2026-07-05 18:00:00+00:00,2147.18,8.87,40.89,31.68,17.99,7.66,0.0
2026-07-05 19:00:00+00:00,1779.34,0.0,54.33,26.15,47.23,7.88,0.0
2026-07-05 20:00:00+00:00,1543.97,0.0,31.06,28.07,38.99,3.91,0.0
2026-07-05 21:00:00+00:00,1467.98,0.0,78.07,28.76,63.63,8.68,0.0
2026-07-05 22:00:00+00:00,1204.27,0.0,57.88,25.94,40.2,5.95,0.0
2026-07-05 23:00:00+00:00,1215.51,0.0,98.82,27.21,56.43,8.99,0.0
2026-07-06 00:00:00+00:00,1356.84,0.0,83.07,26.86,56.19,6.55,0.0
2026-07-06 01:00:00+00:00,1257.88,0.0,74.95,25.92,54.66,6.65,0.0
2026-07-06 02:00:00+00:00,1485.04,0.0,120.97,28.83,73.49,8.67,0.0
2026-07-06 03:00:00+00:00,1397.48,0.0,119.74,31.47,57.19,7.63,0.0
2026-07-06 04:00:00+00:00,1553.45,0.0,163.53,28.18,61.28,10.05,0.0
2026-07-06 05:00:00+00:00,1651.34,0.0,83.1,25.56,70.77,5.51,0.0
2026-07-06 06:00:00+00:00,1932.84,8.2,40.32,32.93,61.05,2.09,0.0
2026-07-06 07:00:00+00:00,2068.97,56.53,69.02,31.24,54.82,4.9,121.53
2026-07-06 08:00:00+00:00,2414.55,70.83,95.87,33.02,73.32,5.45,231.22
2026-07-06 09:00:00+00:00,2421.08,136.59,60.97,32.73,70.01,3.64,309.74
2026-07-06 10:00:00+00:00,2701.48,279.14,0.0,34.29,36.98,0.5,565.57
2026-07-06 11:00:00+00:00,2915.36,241.37,4.42,32.52,55.18,0.5,546.08
2026-07-06 12:00:00+00:00,2930.21,334.38,14.24,35.46,43.73,0.85,672.55
2026-07-06 13:00:00+00:00,2904.77,269.01,27.84,33.24,53.31,2.74,590.98
2026-07-06 14:00:00+00:00,2832.09,353.27,63.0,34.31,27.12,4.44,652.48
2026-07-06 15:00:00+00:00,2704.77,178.25,18.88,33.97,60.8,3.05,328.61
2026-07-06 16:00:00+00:00,2630.6,197.51,23.96,30.06,36.07,4.73,298.21
2026-07-06 17:00:00+00:00,2582.19,112.59,24.82,31.53,28.24,5.32,222.0
2026-07-06 18:00:00+00:00,2354.83,5.05,28.36,30.6,22.21,5.52,7.75
2026-07-06 19:00:00+00:00,2191.95,0.0,41.59,24.9,48.6,6.15,0.0
2026-07-06 20:00:00+00:00,1920.31,0.0,35.78,24.82,51.5,5.76,0.0
2026-07-06 21:00:00+00:00,1708.6,0.0,41.5,29.39,26.24,6.45,0.0
2026-07-06 22:00:00+00:00,1565.93,0.0,33.16,27.42,66.68,6.62,0.0
2026-07-06 23:00:00+00:00,1493.7,0.0,61.68,26.87,41.42,6.26,0.0
2026-07-07 00:00:00+00:00,1236.7,0.0,58.22,26.65,44.34,4.17,0.0
2026-07-07 01:00:00+00:00,1439.49,0.0,99.69,23.75,42.39,7.1,0.0
2026-07-07 02:00:00+00:00,1407.99,0.0,73.07,26.08,77.07,6.12,0.0
2026-07-07 03:00:00+00:00,1389.81,0.0,79.76,28.53,54.51,5.06,0.0
2026-07-07 04:00:00+00:00,1583.94,0.0,89.75,26.18,71.3,5.33,0.0
2026-07-07 05:00:00+00:00,1744.02,0.0,120.91,26.83,57.87,6.08,0.0
2026-07-07 06:00:00+00:00,1936.61,10.56,176.19,30.33,79.64,11.18,15.48
2026-07-07 07:00:00+00:00,2111.06,84.36,99.67,29.55,56.9,5.52,139.36
2026-07-07 08:00:00+00:00,2196.18,135.01,93.97,31.17,52.94,5.77,314.4
2026-07-07 09:00:00+00:00,2559.45,124.66,49.78,33.62,74.26,3.45,338.9
2026-07-07 10:00:00+00:00,2719.32,223.18,4.62,33.28,56.98,0.5,471.42
2026-07-07 11:00:00+00:00,2921.14,356.55,14.3,34.48,37.7,0.5,640.41
2026-07-07 12:00:00+00:00,2941.61,292.43,29.97,31.72,46.51,2.51,626.24
2026-07-07 13:00:00+00:00,2749.36,238.19,0.0,34.38,58.5,0.5,519.92
2026-07-07 14:00:00+00:00,2915.75,256.77,25.85,31.72,44.98,2.29,477.9
2026-07-07 15:00:00+00:00,2810.75,232.34,3.44,30.53,39.84,2.31,476.45
2026-07-07 16:00:00+00:00,2715.7,186.95,15.91,29.2,28.25,3.48,347.0
2026-07-07 17:00:00+00:00,2446.49,86.36,37.58,29.79,38.9,4.87,228.88
2026-07-07 18:00:00+00:00,2221.16,0.0,4.72,28.88,27.49,1.9,0.0
2026-07-07 19:00:00+00:00,2027.69,0.0,45.11,25.35,44.27,6.98,0.0
2026-07-07 20:00:00+00:00,1958.94,0.0,46.41,24.13,29.59,7.3,0.0
2026-07-07 21:00:00+00:00,1756.77,0.0,54.33,28.5,16.66,4.63,0.0
2026-07-07 22:00:00+00:00,1372.52,0.0,30.7,27.66,41.89,3.21,0.0
2026-07-07 23:00:00+00:00,1416.39,0.0,92.72,26.38,29.53,8.03,0.0
2026-07-08 00:00:00+00:00,1318.03,0.0,104.16,27.11,68.43,8.02,0.0
2026-07-08 01:00:00+00:00,1330.47,0.0,117.34,25.44,96.1,8.65,0.0
2026-07-08 02:00:00+00:00,1439.54,0.0,58.75,29.72,69.39,4.39,0.0
2026-07-08 03:00:00+00:00,1355.07,0.0,125.26,27.07,41.42,8.17,0.0
2026-07-08 04:00:00+00:00,1538.04,0.0,168.04,26.48,91.87,10.46,0.0
2026-07-08 05:00:00+00:00,1666.29,0.0,94.22,26.35,81.08,5.12,0.0
2026-07-08 06:00:00+00:00,2048.21,10.82,45.24,28.1,64.43,1.84,21.13
2026-07-08 07:00:00+00:00,2161.78,57.57,24.43,28.93,68.03,2.34,120.45
2026-07-08 08:00:00+00:00,2416.05,133.49,85.92,29.43,42.27,4.48,385.1
2026-07-08 09:00:00+00:00,2601.75,223.65,40.65,33.85,37.43,2.27,510.47
2026-07-08 10:00:00+00:00,2626.24,250.93,76.02,30.03,54.16,4.68,498.56
2026-07-08 11:00:00+00:00,2899.59,214.66,52.9,35.7,67.0,4.26,503.03
2026-07-08 12:00:00+00:00,3019.34,350.75,26.79,32.09,35.67,1.44,693.22
2026-07-08 13:00:00+00:00,3086.11,320.86,22.24,35.36,42.65,3.29,614.87
2026-07-08 14:00:00+00:00,2968.61,174.9,23.8,33.48,67.22,2.04,443.56
2026-07-08 15:00:00+00:00,2773.74,271.84,40.3,30.35,30.01,5.03,519.78
2026-07-08 16:00:00+00:00,2662.1,128.59,5.8,31.43,46.86,2.05,310.62
2026-07-08 17:00:00+00:00,2529.33,108.31,8.91,32.55,41.28,1.58,122.62
2026-07-08 18:00:00+00:00,2395.07,0.0,48.25,30.87,40.28,5.94,0.0
2026-07-08 19:00:00+00:00,2087.68,0.0,48.35,25.69,38.17,6.48,0.0
2026-07-08 20:00:00+00:00,1976.86,0.0,63.64,26.51,27.27,9.71,0.0
2026-07-08 21:00:00+00:00,1782.7,0.0,21.6,27.76,28.25,4.75,0.0
2026-07-08 22:00:00+00:00,1567.09,0.0,71.58,28.3,38.71,7.17,0.0
2026-07-08 23:00:00+00:00,1306.7,0.0,82.57,25.67,56.88,8.12,0.0
2026-07-09 00:00:00+00:00,1232.03,0.0,114.98,28.97,75.15,9.43,0.0
2026-07-09 01:00:00+00:00,1329.06,0.0,121.98,28.17,64.77,9.47,0.0
2026-07-09 02:00:00+00:00,1342.14,0.0,122.84,25.98,29.03,8.28,0.0
2026-07-09 03:00:00+00:00,1413.46,0.0,170.11,24.89,70.28,11.23,0.0
2026-07-09 04:00:00+00:00,1550.57,0.0,63.23,27.36,93.48,4.45,0.0
2026-07-09 05:00:00+00:00,1844.08,0.0,144.22,26.08,63.75,8.47,0.0
2026-07-09 06:00:00+00:00,1750.95,20.94,78.76,28.33,100.0,4.14,0.0
2026-07-09 07:00:00+00:00,2221.75,57.62,132.46,33.82,43.65,7.14,167.26
2026-07-09 08:00:00+00:00,2299.35,113.03,58.1,32.58,62.41,4.79,239.81
2026-07-09 09:00:00+00:00,2534.63,127.25,16.16,33.72,78.48,1.48,313.88
2026-07-09 10:00:00+00:00,2697.92,154.69,44.49,31.9,73.28,2.27,459.31
2026-07-09 11:00:00+00:00,2852.73,219.65,45.2,34.67,64.79,4.48,474.28
2026-07-09 12:00:00+00:00,2800.79,233.11,27.97,33.5,70.05,2.47,439.34
2026-07-09 13:00:00+00:00,2909.88,334.41,5.7,32.76,42.01,0.5,668.57
2026-07-09 14:00:00+00:00,3003.17,270.98,35.33,35.37,46.35,4.11,560.15
2026-07-09 15:00:00+00:00,2904.6,271.13,26.62,35.31,25.79,2.89,527.43
2026-07-09 16:00:00+00:00,2544.09,224.39,30.7,31.14,13.28,3.52,377.14
2026-07-09 17:00:00+00:00,2672.59,66.23,9.53,30.98,44.02,0.5,123.75
2026-07-09 18:00:00+00:00,2318.0,0.0,14.39,27.87,36.2,3.73,16.85
2026-07-09 19:00:00+00:00,2310.12,0.0,58.84,27.3,17.32,6.63,0.0
2026-07-09 20:00:00+00:00,1787.16,0.0,32.07,27.97,35.73,2.62,0.0
2026-07-09 21:00:00+00:00,1615.04,0.0,42.94,25.71,28.9,6.79,0.0
2026-07-09 22:00:00+00:00,1471.82,0.0,61.29,26.82,29.13,6.12,0.0
2026-07-09 23:00:00+00:00,1395.82,0.0,91.52,26.55,43.44,9.09,0.0
2026-07-10 00:00:00+00:00,1333.71,0.0,82.08,27.59,60.02,7.71,0.0
2026-07-10 01:00:00+00:00,1336.42,0.0,116.7,25.59,65.42,8.79,0.0
2026-07-10 02:00:00+00:00,1400.16,0.0,133.13,26.95,67.95,9.47,0.0
2026-07-10 03:00:00+00:00,1429.75,0.0,129.96,28.97,64.03,8.39,0.0
2026-07-10 04:00:00+00:00,1504.33,0.0,192.67,25.78,73.51,12.19,0.0
2026-07-10 05:00:00+00:00,1646.16,0.0,141.5,26.22,57.17,8.87,0.0
2026-07-10 06:00:00+00:00,2116.92,0.0,9.72,26.5,53.64,1.58,18.95
2026-07-10 07:00:00+00:00,2072.4,68.95,120.12,31.53,53.59,6.82,141.26
2026-07-10 08:00:00+00:00,2354.48,107.49,45.19,31.04,55.54,3.1,245.23
2026-07-10 09:00:00+00:00,2646.98,175.47,66.17,33.56,65.15,4.06,358.03
2026-07-10 10:00:00+00:00,2768.42,193.1,32.48,34.61,68.76,1.52,381.84
2026-07-10 11:00:00+00:00,2676.62,326.45,20.64,32.31,40.29,3.02,633.72
2026-07-10 12:00:00+00:00,2883.4,207.83,83.73,32.47,70.28,5.65,441.88
2026-07-10 13:00:00+00:00,3002.41,303.99,52.22,32.98,38.96,5.2,632.27
2026-07-10 14:00:00+00:00,2858.11,325.55,35.2,30.73,26.67,4.08,639.35
2026-07-10 15:00:00+00:00,2848.64,192.57,8.1,32.87,54.14,0.5,381.76
2026-07-10 16:00:00+00:00,2784.39,171.44,17.32,31.79,32.44,2.45,345.33
2026-07-10 17:00:00+00:00,2605.38,64.92,22.66,30.45,58.92,3.62,170.21
2026-07-10 18:00:00+00:00,2325.88,0.0,35.05,28.39,31.16,6.71,6.93
2026-07-10 19:00:00+00:00,2216.0,0.0,31.72,30.1,32.84,4.23,0.0
2026-07-10 20:00:00+00:00,1879.38,0.0,29.18,27.75,34.94,5.86,0.0
2026-07-10 21:00:00+00:00,1706.88,0.0,64.66,26.75,43.83,10.82,0.0
2026-07-10 22:00:00+00:00,1469.44,0.0,91.44,26.74,83.59,9.33,0.0
2026-07-10 23:00:00+00:00,1414.5,0.0,55.97,25.77,25.81,7.2,0.0
2026-07-11 00:00:00+00:00,1159.76,0.0,71.66,25.15,50.16,7.18,0.0
2026-07-11 01:00:00+00:00,967.74,0.0,134.02,27.94,36.13,11.18,0.0
2026-07-11 02:00:00+00:00,1173.2,0.0,116.74,27.5,82.46,8.23,0.0
2026-07-11 03:00:00+00:00,1093.81,0.0,75.43,25.33,53.25,4.7,0.0
2026-07-11 04:00:00+00:00,1327.88,0.0,57.44,25.19,67.78,3.9,0.0
2026-07-11 05:00:00+00:00,1384.55,0.0,136.62,28.98,69.34,8.25,0.0
2026-07-11 06:00:00+00:00,1511.76,0.0,51.2,27.4,58.8,4.48,0.0
2026-07-11 07:00:00+00:00,1928.27,40.17,20.14,28.58,73.9,1.03,77.13
2026-07-11 08:00:00+00:00,1866.6,134.76,0.0,32.34,72.93,0.5,224.28
2026-07-11 09:00:00+00:00,2331.36,213.84,0.0,30.84,45.0,0.5,486.07
2026-07-11 10:00:00+00:00,2283.54,244.67,28.29,29.85,53.84,1.77,480.13
2026-07-11 11:00:00+00:00,2493.4,344.46,30.29,33.23,37.36,3.43,653.2
2026-07-11 12:00:00+00:00,2495.77,355.38,9.8,31.72,38.67,0.5,690.66
2026-07-11 13:00:00+00:00,2643.68,226.65,28.51,34.02,64.11,3.04,499.8
2026-07-11 14:00:00+00:00,2575.67,212.05,44.14,31.95,53.05,4.88,502.27
2026-07-11 15:00:00+00:00,2376.52,270.01,42.15,32.35,28.49,7.65,513.54
2026-07-11 16:00:00+00:00,2374.1,162.27,21.62,30.23,51.76,2.24,269.86
2026-07-11 17:00:00+00:00,2041.45,85.72,7.53,29.49,31.92,2.62,153.53
2026-07-11 18:00:00+00:00,1907.53,4.44,39.59,26.53,38.29,5.47,51.02
2026-07-11 19:00:00+00:00,1811.19,0.0,47.54,26.49,46.68,7.33,0.0
2026-07-11 20:00:00+00:00,1559.24,0.0,24.62,26.34,16.49,4.89,0.0
2026-07-11 21:00:00+00:00,1467.68,0.0,32.8,27.53,57.34,5.31,0.0
2026-07-11 22:00:00+00:00,1249.86,0.0,90.8,26.42,32.15,8.8,0.0
2026-07-11 23:00:00+00:00,1216.36,0.0,64.87,26.51,36.37,5.39,0.0
2026-07-12 00:00:00+00:00,1103.57,0.0,123.51,27.27,83.58,10.86,0.0
2026-07-12 01:00:00+00:00,1133.93,0.0,135.16,27.57,41.31,10.23,0.0
2026-07-12 02:00:00+00:00,1119.13,0.0,127.57,27.89,83.34,7.94,0.0
2026-07-12 03:00:00+00:00,1211.73,0.0,112.04,28.31,55.79,7.13,0.0
2026-07-12 04:00:00+00:00,1226.99,0.0,69.15,24.83,39.85,4.73,0.0
2026-07-12 05:00:00+00:00,1347.06,0.0,97.15,27.81,61.95,6.17,0.0
2026-07-12 06:00:00+00:00,1784.91,0.0,52.25,29.74,73.92,3.55,4.85
2026-07-12 07:00:00+00:00,1669.52,43.93,63.19,29.89,65.87,3.92,129.7
2026-07-12 08:00:00+00:00,2048.85,134.98,54.32,31.11,54.5,3.15,288.34
2026-07-12 09:00:00+00:00,2205.85,158.54,54.2,31.58,69.19,3.63,368.83
2026-07-12 10:00:00+00:00,2333.73,174.19,7.31,33.56,73.45,1.1,378.9
2026-07-12 11:00:00+00:00,2415.0,269.37,20.64,33.58,52.47,0.5,558.64
2026-07-12 12:00:00+00:00,2440.74,335.56,16.91,32.04,37.63,0.5,659.79
2026-07-12 13:00:00+00:00,2538.15,280.38,0.0,34.98,47.29,1.36,626.07
2026-07-12 14:00:00+00:00,2418.55,221.03,69.27,32.53,53.82,6.96,501.62
2026-07-12 15:00:00+00:00,2356.32,221.64,38.41,29.75,47.65,4.51,447.33
2026-07-12 16:00:00+00:00,2075.26,134.22,35.21,30.19,64.77,2.8,278.98
2026-07-12 17:00:00+00:00,2171.77,69.95,30.43,30.2,43.89,5.34,145.49
2026-07-12 18:00:00+00:00,1917.63,10.99,13.92,30.55,49.62,3.59,0.0
2026-07-12 19:00:00+00:00,1865.81,0.0,35.24,27.4,46.71,5.6,0.0
2026-07-12 20:00:00+00:00,1547.68,0.0,66.11,26.54,22.35,8.53,0.0
2026-07-12 21:00:00+00:00,1555.63,0.0,50.02,26.75,23.6,5.9,0.0
2026-07-12 22:00:00+00:00,1580.49,0.0,69.82,25.35,47.08,7.31,0.0
2026-07-12 23:00:00+00:00,1203.65,0.0,63.67,26.29,67.42,4.22,0.0
2026-07-13 00:00:00+00:00,1443.62,0.0,87.86,26.67,24.0,7.21,0.0
2026-07-13 01:00:00+00:00,1328.9,0.0,101.23,25.59,43.6,6.78,0.0
2026-07-13 02:00:00+00:00,1221.02,0.0,75.24,28.43,64.34,4.93,0.0
2026-07-13 03:00:00+00:00,1316.17,0.0,107.26,24.83,57.22,7.73,0.0
2026-07-13 04:00:00+00:00,1582.88,0.0,138.68,26.71,70.55,8.62,0.0
2026-07-13 05:00:00+00:00,1732.79,0.0,81.8,25.73,48.43,4.75,0.0
2026-07-13 06:00:00+00:00,1779.58,35.34,123.19,25.7,53.21,7.41,2.38
2026-07-13 07:00:00+00:00,2280.52,68.45,65.76,30.72,70.48,3.49,101.66
2026-07-13 08:00:00+00:00,2362.91,125.53,76.45,32.21,47.94,6.06,280.88
2026-07-13 09:00:00+00:00,2712.53,231.59,5.03,32.86,48.47,0.5,446.97
2026-07-13 10:00:00+00:00,2716.3,181.99,71.36,33.19,70.82,4.65,401.15
2026-07-13 11:00:00+00:00,2883.19,299.14,59.15,33.48,52.08,4.86,603.78
2026-07-13 12:00:00+00:00,2911.84,264.04,103.63,36.28,58.14,8.54,515.4
2026-07-13 13:00:00+00:00,3055.42,323.29,54.66,36.6,36.09,3.91,695.03
2026-07-13 14:00:00+00:00,2941.78,256.81,26.08,35.02,51.49,2.81,518.64
2026-07-13 15:00:00+00:00,2807.33,287.06,16.19,31.11,23.66,1.37,542.66
2026-07-13 16:00:00+00:00,2710.39,99.55,13.84,30.41,58.99,2.96,260.01
2026-07-13 17:00:00+00:00,2494.66,123.6,55.35,31.61,9.45,6.46,263.6
2026-07-13 18:00:00+00:00,2243.11,5.14,35.96,28.15,48.02,3.66,0.0
2026-07-13 19:00:00+00:00,2131.57,0.0,43.13,26.57,16.44,3.61,0.0
2026-07-13 20:00:00+00:00,1873.78,0.0,55.15,27.44,31.21,8.03,0.0
2026-07-13 21:00:00+00:00,1763.83,0.0,11.97,25.41,60.52,2.04,0.0
2026-07-13 22:00:00+00:00,1479.91,0.0,55.25,26.23,67.88,6.17,0.0
2026-07-13 23:00:00+00:00,1337.92,0.0,62.08,27.47,39.49,4.75,0.0
2026-07-14 00:00:00+00:00,1274.5,0.0,104.01,26.95,56.77,7.48,0.0
2026-07-14 01:00:00+00:00,1242.21,0.0,124.83,26.55,47.23,10.09,0.0
2026-07-14 02:00:00+00:00,1494.59,0.0,118.36,26.85,57.5,8.12,0.0
2026-07-14 03:00:00+00:00,1410.66,0.0,111.87,23.27,65.5,7.2,0.0
2026-07-14 04:00:00+00:00,1490.95,0.0,114.12,26.79,62.2,7.73,0.0
2026-07-14 05:00:00+00:00,1600.91,0.0,99.76,31.37,53.75,5.98,0.0
2026-07-14 06:00:00+00:00,1938.42,0.0,136.54,27.44,58.36,7.09,14.16
2026-07-14 07:00:00+00:00,2031.6,37.41,98.67,28.34,87.42,6.27,114.51
2026-07-14 08:00:00+00:00,2321.25,119.31,2.4,31.38,59.24,0.5,305.93
2026-07-14 09:00:00+00:00,2585.15,211.49,0.0,32.91,47.2,0.5,448.36
2026-07-14 10:00:00+00:00,2782.68,299.36,2.6,33.3,35.53,0.5,572.27
2026-07-14 11:00:00+00:00,2844.06,212.03,45.72,36.6,59.17,2.78,515.32
2026-07-14 12:00:00+00:00,2815.98,294.02,8.77,34.51,47.31,1.73,638.21
2026-07-14 13:00:00+00:00,2984.24,237.4,0.0,36.32,59.25,0.5,480.52
2026-07-14 14:00:00+00:00,3021.76,257.03,27.89,36.08,47.19,3.35,513.47
2026-07-14 15:00:00+00:00,2944.6,293.35,40.15,33.29,14.96,6.07,578.4
2026-07-14 16:00:00+00:00,2584.56,146.08,26.16,29.59,40.76,3.63,313.78
2026-07-14 17:00:00+00:00,2601.6,94.21,52.48,29.43,25.23,7.32,191.29
2026-07-14 18:00:00+00:00,2366.77,0.0,50.73,28.75,9.54,7.86,0.0
2026-07-14 19:00:00+00:00,2129.36,0.0,57.33,25.53,54.05,6.4,0.0
2026-07-14 20:00:00+00:00,1837.29,0.0,16.79,28.57,48.49,3.66,0.0
2026-07-14 21:00:00+00:00,1684.9,0.0,20.35,27.93,41.95,4.34,0.0
2026-07-14 22:00:00+00:00,1564.55,0.0,98.42,26.76,17.67,8.66,0.0
2026-07-14 23:00:00+00:00,1295.37,0.0,89.27,28.11,39.77,9.53,0.0
2026-07-15 00:00:00+00:00,1245.64,0.0,93.48,27.32,17.63,7.93,0.0
2026-07-15 01:00:00+00:00,1412.03,0.0,102.93,25.2,60.25,7.94,0.0
2026-07-15 02:00:00+00:00,1359.75,0.0,75.45,25.67,53.8,4.91,0.0
2026-07-15 03:00:00+00:00,1368.99,0.0,102.24,30.53,51.28,6.59,0.0
2026-07-15 04:00:00+00:00,1484.96,0.0,148.6,27.39,62.19,8.67,0.0
2026-07-15 05:00:00+00:00,1894.13,0.0,76.73,27.63,64.31,5.15,0.0
2026-07-15 06:00:00+00:00,1838.68,7.69,145.43,29.27,53.75,8.57,26.6
2026-07-15 07:00:00+00:00,2096.65,54.07,84.81,29.34,75.86,5.0,121.6
2026-07-15 08:00:00+00:00,2362.41,134.0,127.77,31.41,53.38,6.89,258.36
2026-07-15 09:00:00+00:00,2405.18,200.31,0.0,31.0,49.58,0.94,435.76
2026-07-15 10:00:00+00:00,2613.75,264.56,0.07,33.51,50.0,0.5,552.2
2026-07-15 11:00:00+00:00,2932.06,216.92,4.79,36.05,65.13,0.5,464.38
2026-07-15 12:00:00+00:00,3023.41,336.07,22.57,35.73,38.77,2.18,696.02
2026-07-15 13:00:00+00:00,2921.63,376.71,16.54,31.04,30.27,2.74,689.74
2026-07-15 14:00:00+00:00,2987.38,273.79,27.05,32.8,45.33,0.99,586.82
2026-07-15 15:00:00+00:00,2818.5,221.23,36.27,30.11,39.28,3.61,442.32
2026-07-15 16:00:00+00:00,2754.48,164.7,0.0,32.91,41.09,0.5,297.71
2026-07-15 17:00:00+00:00,2475.49,78.58,21.26,31.98,37.56,2.59,204.46
2026-07-15 18:00:00+00:00,2392.77,0.0,44.57,31.49,59.35,5.72,13.87
2026-07-15 19:00:00+00:00,2140.1,0.0,37.56,25.72,40.29,5.32,0.0
2026-07-15 20:00:00+00:00,1928.62,0.0,56.08,22.21,39.69,7.78,0.0
2026-07-15 21:00:00+00:00,1783.56,0.0,68.65,29.28,44.06,8.0,0.0
2026-07-15 22:00:00+00:00,1595.19,0.0,57.37,25.47,5.92,6.64,0.0
2026-07-15 23:00:00+00:00,1383.56,0.0,113.32,28.02,48.35,10.47,0.0
2026-07-16 00:00:00+00:00,1290.59,0.0,62.0,27.57,72.52,4.59,0.0
2026-07-16 01:00:00+00:00,1360.57,0.0,103.46,29.13,57.48,7.31,0.0
2026-07-16 02:00:00+00:00,1478.5,0.0,148.51,26.27,62.45,9.96,0.0
2026-07-16 03:00:00+00:00,1397.93,0.0,127.1,26.87,59.8,8.24,0.0
2026-07-16 04:00:00+00:00,1499.75,0.0,68.48,25.22,82.45,4.22,0.0
2026-07-16 05:00:00+00:00,1655.93,0.0,89.91,29.79,58.15,4.44,0.0
2026-07-16 06:00:00+00:00,1804.47,0.0,175.05,24.59,49.96,10.46,17.73
2026-07-16 07:00:00+00:00,2183.52,19.63,72.16,31.37,92.08,5.0,73.75
2026-07-16 08:00:00+00:00,2332.11,149.69,0.0,28.67,39.51,1.71,296.13
2026-07-16 09:00:00+00:00,2462.56,209.06,25.16,30.78,53.53,1.67,454.88
2026-07-16 10:00:00+00:00,2725.39,267.2,22.92,33.07,44.97,2.28,522.8
2026-07-16 11:00:00+00:00,2862.98,227.32,16.34,35.12,60.28,1.21,524.31
2026-07-16 12:00:00+00:00,2961.23,340.31,31.04,32.88,35.83,0.5,674.29
2026-07-16 13:00:00+00:00,2911.51,180.2,33.84,34.96,65.68,3.69,544.25
2026-07-16 14:00:00+00:00,2962.92,283.44,17.67,33.97,44.77,2.95,586.4
2026-07-16 15:00:00+00:00,2753.6,156.42,17.96,30.7,63.61,3.08,347.85
2026-07-16 16:00:00+00:00,2754.26,224.18,25.47,29.38,14.5,3.11,388.7
2026-07-16 17:00:00+00:00,2492.49,109.26,33.89,28.99,33.7,4.95,202.1
2026-07-16 18:00:00+00:00,2365.08,8.63,13.39,30.0,27.65,1.37,8.05
2026-07-16 19:00:00+00:00,2134.12,0.0,41.43,26.28,23.41,6.88,0.0
2026-07-16 20:00:00+00:00,2023.86,0.0,47.81,28.47,23.77,5.33,0.0
2026-07-16 21:00:00+00:00,1480.35,0.0,51.36,26.27,43.7,7.43,0.0
2026-07-16 22:00:00+00:00,1624.67,0.0,70.96,26.73,37.15,8.09,0.0
2026-07-16 23:00:00+00:00,1394.69,0.0,72.23,25.22,50.99,7.24,0.0
2026-07-17 00:00:00+00:00,1329.28,0.0,76.46,30.15,16.39,7.22,0.0
2026-07-17 01:00:00+00:00,1278.35,0.0,100.0,28.14,66.08,7.8,0.0
2026-07-17 02:00:00+00:00,1347.46,0.0,109.84,26.63,56.32,7.22,0.0
2026-07-17 03:00:00+00:00,1476.49,0.0,57.6,24.95,44.85,3.62,0.0
2026-07-17 04:00:00+00:00,1485.61,0.0,162.77,27.55,41.55,10.07,0.0
2026-07-17 05:00:00+00:00,1714.33,0.0,105.84,28.07,49.68,4.68,0.0
2026-07-17 06:00:00+00:00,1813.81,15.9,108.54,29.24,89.1,7.41,11.04
2026-07-17 07:00:00+00:00,2189.62,53.07,15.4,32.49,67.49,0.5,117.92
2026-07-17 08:00:00+00:00,2279.43,177.99,45.2,30.02,43.4,3.36,320.75
2026-07-17 09:00:00+00:00,2542.91,201.7,13.39,32.8,61.63,0.5,335.37
2026-07-17 10:00:00+00:00,2764.99,380.68,58.3,30.53,10.84,3.87,720.2
2026-07-17 11:00:00+00:00,2909.59,292.9,25.94,34.89,47.17,1.25,596.71
2026-07-17 12:00:00+00:00,2873.75,373.7,70.13,33.1,30.07,5.95,701.42
2026-07-17 13:00:00+00:00,2757.02,326.62,19.51,33.04,45.86,2.02,608.82
2026-07-17 14:00:00+00:00,3050.21,345.46,20.96,33.99,21.83,1.46,645.83
2026-07-17 15:00:00+00:00,2661.91,237.76,0.0,31.35,32.6,2.39,536.58
2026-07-17 16:00:00+00:00,2504.51,182.99,15.67,29.66,24.84,0.5,353.47
2026-07-17 17:00:00+00:00,2419.23,87.43,23.85,30.69,38.32,2.22,127.34
2026-07-17 18:00:00+00:00,2283.53,0.0,43.87,30.15,44.46,3.52,0.74
2026-07-17 19:00:00+00:00,1982.73,0.0,49.63,24.15,31.99,8.2,0.0
2026-07-17 20:00:00+00:00,1940.57,0.0,30.93,26.0,33.66,3.31,0.0
2026-07-17 21:00:00+00:00,1628.04,0.0,55.99,27.55,26.34,7.29,0.0
2026-07-17 22:00:00+00:00,1549.07,0.0,34.36,30.02,43.94,5.22,0.0
2026-07-17 23:00:00+00:00,1482.14,0.0,78.49,24.99,30.5,7.01,0.0
2026-07-18 00:00:00+00:00,1149.93,0.0,74.42,27.56,33.52,6.92,0.0
2026-07-18 01:00:00+00:00,1123.08,0.0,109.25,26.36,60.5,7.2,0.0
2026-07-18 02:00:00+00:00,1010.79,0.0,112.47,26.52,75.19,8.72,0.0
2026-07-18 03:00:00+00:00,1245.27,0.0,118.07,25.53,47.78,6.94,0.0
2026-07-18 04:00:00+00:00,1309.81,0.0,37.62,27.24,56.31,2.34,0.0
2026-07-18 05:00:00+00:00,1507.8,0.0,126.6,27.05,96.08,8.26,0.0
2026-07-18 06:00:00+00:00,1637.56,0.0,69.45,28.01,63.58,3.45,15.01
2026-07-18 07:00:00+00:00,1866.18,82.77,76.26,30.22,38.55,4.12,181.5
2026-07-18 08:00:00+00:00,2080.03,164.71,25.67,31.56,43.26,0.67,353.88
2026-07-18 09:00:00+00:00,2226.35,138.99,9.37,33.9,70.86,1.06,387.7
2026-07-18 10:00:00+00:00,2347.85,308.15,51.21,33.49,32.43,3.8,582.28
2026-07-18 11:00:00+00:00,2439.31,275.46,84.66,32.47,51.46,5.88,612.62
2026-07-18 12:00:00+00:00,2613.74,374.51,22.33,35.47,37.55,1.85,620.02
2026-07-18 13:00:00+00:00,2521.4,264.41,0.31,30.42,55.25,0.5,529.22
2026-07-18 14:00:00+00:00,2447.2,277.94,12.73,32.13,44.39,1.58,515.5
2026-07-18 15:00:00+00:00,2327.15,196.0,9.68,30.19,54.23,0.5,392.93
2026-07-18 16:00:00+00:00,2173.4,223.67,19.9,32.97,26.32,4.67,376.9
2026-07-18 17:00:00+00:00,2201.67,61.4,31.99,30.7,41.36,4.77,153.87
2026-07-18 18:00:00+00:00,1933.54,11.71,39.55,27.93,24.84,5.86,32.32
2026-07-18 19:00:00+00:00,1729.27,0.0,39.68,25.44,31.64,5.18,0.0
2026-07-18 20:00:00+00:00,1642.98,0.0,15.3,27.13,13.15,3.2,0.0
2026-07-18 21:00:00+00:00,1332.08,0.0,53.98,27.23,51.11,4.58,0.0
2026-07-18 22:00:00+00:00,1263.33,0.0,40.62,27.3,36.21,5.73,0.0
2026-07-18 23:00:00+00:00,1164.05,0.0,94.17,28.1,34.47,10.08,0.0
2026-07-19 00:00:00+00:00,1114.56,0.0,98.76,26.12,10.64,7.76,0.0
2026-07-19 01:00:00+00:00,1205.16,0.0,123.11,23.93,71.31,9.54,0.0
2026-07-19 02:00:00+00:00,1066.48,0.0,111.33,28.28,35.43,9.02,0.0
2026-07-19 03:00:00+00:00,1226.19,0.0,65.12,25.07,60.69,5.47,0.0
2026-07-19 04:00:00+00:00,1220.22,0.0,132.86,23.57,83.58,8.31,0.0
2026-07-19 05:00:00+00:00,1532.61,0.0,92.87,28.29,70.78,6.07,0.0
2026-07-19 06:00:00+00:00,1614.83,0.52,63.76,28.81,64.73,4.45,0.0
2026-07-19 07:00:00+00:00,1832.5,43.87,71.38,31.26,49.84,3.79,146.68
2026-07-19 08:00:00+00:00,2117.77,76.49,53.08,30.24,81.29,2.54,204.67
2026-07-19 09:00:00+00:00,2105.47,141.87,39.5,32.35,66.84,3.02,378.26
2026-07-19 10:00:00+00:00,2236.36,226.47,39.79,33.24,54.19,3.82,537.0
2026-07-19 11:00:00+00:00,2473.33,255.35,37.16,36.64,58.45,3.06,490.36
2026-07-19 12:00:00+00:00,2452.21,171.27,16.26,35.37,84.68,0.5,361.27
2026-07-19 13:00:00+00:00,2485.4,291.25,11.27,33.39,46.67,0.5,625.58
2026-07-19 14:00:00+00:00,2615.67,301.15,30.24,32.81,38.98,2.42,600.76
2026-07-19 15:00:00+00:00,2290.02,263.85,33.21,32.0,28.78,4.19,519.45
2026-07-19 16:00:00+00:00,2294.32,127.81,23.35,30.49,59.24,4.46,313.49
2026-07-19 17:00:00+00:00,2100.22,97.1,14.8,30.07,35.71,1.49,161.3
2026-07-19 18:00:00+00:00,1922.22,16.18,14.09,27.89,42.03,4.64,0.0
2026-07-19 19:00:00+00:00,1785.17,0.0,16.05,26.93,59.29,4.26,0.0
2026-07-19 20:00:00+00:00,1717.35,0.0,54.99,29.2,35.76,6.59,0.0
2026-07-19 21:00:00+00:00,1395.07,0.0,44.78,25.45,29.68,8.11,0.0
2026-07-19 22:00:00+00:00,1318.31,0.0,90.23,26.68,20.3,10.83,0.0
2026-07-19 23:00:00+00:00,1277.41,0.0,81.43,25.71,17.78,5.7,0.0
2026-07-20 00:00:00+00:00,1250.74,0.0,103.85,27.83,48.62,7.14,0.0
2026-07-20 01:00:00+00:00,1160.74,0.0,131.82,26.46,85.62,10.68,0.0
2026-07-20 02:00:00+00:00,1566.96,0.0,95.16,25.74,56.3,7.48,0.0
2026-07-20 03:00:00+00:00,1415.99,0.0,97.76,27.09,69.85,7.12,0.0
2026-07-20 04:00:00+00:00,1579.93,0.0,128.59,26.9,70.66,7.16,0.0
2026-07-20 05:00:00+00:00,1652.0,0.0,54.43,28.15,65.56,3.43,0.0
2026-07-20 06:00:00+00:00,1760.85,0.0,37.45,29.12,57.83,3.13,0.0
2026-07-20 07:00:00+00:00,2159.22,57.99,21.23,28.54,58.58,1.55,153.36
2026-07-20 08:00:00+00:00,2408.53,150.11,40.2,32.05,52.28,1.93,329.05
2026-07-20 09:00:00+00:00,2530.97,115.89,52.93,29.31,80.91,3.66,323.43
2026-07-20 10:00:00+00:00,2676.72,273.07,52.36,33.62,52.82,4.14,457.35
2026-07-20 11:00:00+00:00,2826.2,332.12,28.96,33.22,40.64,2.77,611.69
2026-07-20 12:00:00+00:00,3205.94,256.1,51.2,34.93,62.33,4.11,530.22
2026-07-20 13:00:00+00:00,3052.15,314.99,38.84,32.26,44.66,4.95,661.78
2026-07-20 14:00:00+00:00,2971.66,360.4,9.55,33.8,23.88,0.5,662.52
2026-07-20 15:00:00+00:00,2678.7,292.12,14.17,33.08,24.62,2.67,486.71
2026-07-20 16:00:00+00:00,2651.08,110.57,17.82,32.55,53.63,2.26,306.8
2026-07-20 17:00:00+00:00,2530.63,83.31,64.97,29.33,28.91,8.17,142.27
2026-07-20 18:00:00+00:00,2381.24,26.56,25.54,29.19,40.69,3.11,0.0
2026-07-20 19:00:00+00:00,2108.19,0.0,87.31,25.4,40.6,10.63,0.0
2026-07-20 20:00:00+00:00,1924.73,0.0,49.11,25.63,36.38,7.74,0.0
2026-07-20 21:00:00+00:00,1820.97,0.0,95.32,25.53,54.22,9.5,0.0
2026-07-20 22:00:00+00:00,1591.36,0.0,84.59,26.95,37.83,10.3,0.0
2026-07-20 23:00:00+00:00,1405.07,0.0,88.97,25.19,53.5,7.54,0.0
2026-07-21 00:00:00+00:00,1347.53,0.0,55.21,27.86,69.95,4.14,0.0
2026-07-21 01:00:00+00:00,1301.74,0.0,96.85,24.44,44.06,6.22,0.0
2026-07-21 02:00:00+00:00,1371.96,0.0,126.43,29.76,45.29,8.65,0.0
2026-07-21 03:00:00+00:00,1495.38,0.0,148.97,27.32,65.16,10.5,0.0
2026-07-21 04:00:00+00:00,1624.83,0.0,115.94,27.92,76.38,7.13,0.0
2026-07-21 05:00:00+00:00,1693.57,0.0,22.02,27.03,66.31,1.74,0.0
2026-07-21 06:00:00+00:00,1847.76,4.44,110.05,26.95,86.51,6.01,0.0
2026-07-21 07:00:00+00:00,2095.39,53.5,96.97,28.78,64.42,5.96,74.82
2026-07-21 08:00:00+00:00,2337.5,144.39,112.03,30.47,65.05,7.35,245.12
2026-07-21 09:00:00+00:00,2599.33,173.77,91.7,34.98,60.69,6.44,401.43
2026-07-21 10:00:00+00:00,2693.17,191.84,45.91,33.17,70.96,2.38,401.2
2026-07-21 11:00:00+00:00,2922.83,287.69,34.44,32.56,43.85,2.86,661.0
2026-07-21 12:00:00+00:00,2778.19,295.96,63.64,32.33,45.99,5.21,581.4
2026-07-21 13:00:00+00:00,3062.37,266.26,53.51,34.49,52.68,4.45,511.13
2026-07-21 14:00:00+00:00,2761.99,279.85,15.5,31.07,42.57,2.87,592.87
2026-07-21 15:00:00+00:00,2912.3,223.55,27.91,33.02,51.05,5.45,403.75
2026-07-21 16:00:00+00:00,2773.29,124.95,20.1,32.14,51.39,2.98,259.51
2026-07-21 17:00:00+00:00,2507.91,94.64,43.18,29.96,46.24,2.97,140.59
2026-07-21 18:00:00+00:00,2231.97,0.0,12.95,26.47,39.73,2.83,30.56
2026-07-21 19:00:00+00:00,2099.54,0.0,32.81,26.61,40.36,6.74,0.0
2026-07-21 20:00:00+00:00,1836.33,0.0,48.71,27.82,36.22,8.82,0.0
2026-07-21 21:00:00+00:00,1684.03,0.0,51.82,26.68,58.83,7.44,0.0
2026-07-21 22:00:00+00:00,1579.92,0.0,37.79,29.36,27.06,6.15,0.0
2026-07-21 23:00:00+00:00,1451.83,0.0,98.96,28.64,55.48,9.7,0.0
2026-07-22 00:00:00+00:00,1366.15,0.0,78.65,25.11,47.9,6.05,0.0
2026-07-22 01:00:00+00:00,1276.23,0.0,121.54,28.92,59.46,9.75,0.0
2026-07-22 02:00:00+00:00,1242.36,0.0,106.45,27.42,51.7,8.14,0.0
2026-07-22 03:00:00+00:00,1460.83,0.0,72.96,27.66,73.91,5.15,0.0
2026-07-22 04:00:00+00:00,1597.98,0.0,148.9,26.73,84.24,8.11,0.0
2026-07-22 05:00:00+00:00,1679.64,0.0,47.92,25.65,49.7,4.33,0.0
2026-07-22 06:00:00+00:00,1844.89,8.85,116.69,28.4,56.83,6.57,10.57
2026-07-22 07:00:00+00:00,2040.6,68.95,0.0,28.85,57.09,0.5,111.56
2026-07-22 08:00:00+00:00,2345.82,157.25,46.05,30.44,44.61,3.84,328.94
2026-07-22 09:00:00+00:00,2633.76,205.17,21.63,31.31,54.5,2.07,407.43
2026-07-22 10:00:00+00:00,2713.7,169.72,15.74,34.06,67.1,0.79,456.2
2026-07-22 11:00:00+00:00,2899.59,279.2,27.94,33.86,50.47,2.03,555.28
2026-07-22 12:00:00+00:00,2981.59,345.65,7.16,34.24,32.68,0.5,637.61
2026-07-22 13:00:00+00:00,3095.04,286.7,15.06,34.09,55.15,0.5,547.74
2026-07-22 14:00:00+00:00,2970.76,324.56,33.46,33.55,27.42,3.84,632.19
2026-07-22 15:00:00+00:00,2722.71,250.98,56.33,32.49,43.09,3.87,436.22
2026-07-22 16:00:00+00:00,2801.17,196.08,13.09,31.88,17.15,1.95,413.82
2026-07-22 17:00:00+00:00,2554.15,94.0,23.35,30.3,48.48,3.54,110.74
2026-07-22 18:00:00+00:00,2338.05,7.36,37.08,29.32,27.88,3.31,30.79
2026-07-22 19:00:00+00:00,2054.85,0.0,49.48,25.13,27.23,6.09,0.0
2026-07-22 20:00:00+00:00,1906.57,0.0,58.0,26.43,22.12,6.63,0.0
2026-07-22 21:00:00+00:00,1684.94,0.0,55.95,27.3,46.31,7.76,0.0
2026-07-22 22:00:00+00:00,1641.69,0.0,106.96,27.14,37.5,10.98,0.0
2026-07-22 23:00:00+00:00,1389.89,0.0,56.77,27.28,44.8,5.38,0.0
2026-07-23 00:00:00+00:00,1271.89,0.0,108.0,27.03,57.04,9.84,0.0
2026-07-23 01:00:00+00:00,1291.42,0.0,91.2,28.87,65.45,7.12,0.0
2026-07-23 02:00:00+00:00,1342.44,0.0,176.63,26.74,64.59,12.67,0.0
2026-07-23 03:00:00+00:00,1439.36,0.0,101.73,24.16,53.33,9.58,0.0
2026-07-23 04:00:00+00:00,1655.87,0.0,12.4,27.7,91.76,2.51,0.0
2026-07-23 05:00:00+00:00,1735.69,0.0,29.27,28.1,64.36,1.08,0.0
2026-07-23 06:00:00+00:00,1948.29,26.25,80.91,29.24,73.77,4.18,0.0
2026-07-23 07:00:00+00:00,2103.54,90.27,27.46,27.0,41.77,2.53,120.29
2026-07-23 08:00:00+00:00,2186.41,95.0,38.53,32.36,72.01,2.4,228.8
2026-07-23 09:00:00+00:00,2560.08,173.28,50.23,32.48,66.29,3.37,347.22
2026-07-23 10:00:00+00:00,2673.72,241.4,15.98,33.5,54.71,1.11,510.84
2026-07-23 11:00:00+00:00,2869.42,289.39,22.57,33.06,48.96,1.09,536.21
2026-07-23 12:00:00+00:00,2836.65,147.2,29.8,32.89,78.43,1.24,403.16
2026-07-23 13:00:00+00:00,2955.51,257.05,19.56,35.58,55.13,0.5,604.17
2026-07-23 14:00:00+00:00,2883.93,132.81,23.79,34.01,75.52,2.9,375.12
2026-07-23 15:00:00+00:00,2870.11,226.22,28.04,33.94,48.38,2.92,401.31
2026-07-23 16:00:00+00:00,2717.92,236.36,23.32,31.44,25.06,5.23,280.88
2026-07-23 17:00:00+00:00,2537.8,93.53,30.52,29.62,35.39,3.3,209.07
2026-07-23 18:00:00+00:00,2170.22,0.0,46.83,28.72,82.7,5.3,5.86
2026-07-23 19:00:00+00:00,2209.66,0.0,40.36,24.69,3.15,5.84,0.0
2026-07-23 20:00:00+00:00,1945.85,0.0,36.51,26.19,9.13,7.4,0.0
2026-07-23 21:00:00+00:00,1746.68,0.0,82.86,28.39,50.88,9.39,0.0
2026-07-23 22:00:00+00:00,1414.23,0.0,28.95,27.47,55.53,3.96,0.0
2026-07-23 23:00:00+00:00,1496.55,0.0,100.14,26.5,51.94,8.55,0.0
2026-07-24 00:00:00+00:00,1312.2,0.0,76.77,25.36,53.58,6.3,0.0
2026-07-24 01:00:00+00:00,1252.34,0.0,136.32,21.56,90.05,9.03,0.0
2026-07-24 02:00:00+00:00,1459.42,0.0,92.79,26.15,59.49,6.62,0.0
2026-07-24 03:00:00+00:00,1402.83,0.0,137.15,26.9,78.66,8.29,0.0
2026-07-24 04:00:00+00:00,1555.16,0.0,120.82,30.48,67.75,6.73,0.0
2026-07-24 05:00:00+00:00,1605.29,0.0,39.39,25.77,60.31,2.7,0.0
2026-07-24 06:00:00+00:00,1834.71,20.62,112.47,28.59,91.54,6.07,0.0
2026-07-24 07:00:00+00:00,2131.48,101.11,108.84,30.01,57.85,6.47,113.3
2026-07-24 08:00:00+00:00,2363.26,122.71,37.84,30.01,69.15,2.56,200.74
2026-07-24 09:00:00+00:00,2443.74,245.87,43.87,31.64,46.18,2.58,423.59
2026-07-24 10:00:00+00:00,2745.4,173.68,60.26,33.86,70.75,3.94,399.4
2026-07-24 11:00:00+00:00,2836.69,260.85,11.56,34.01,48.14,0.5,594.71
2026-07-24 12:00:00+00:00,2860.78,136.77,16.23,35.12,87.93,1.22,356.29
2026-07-24 13:00:00+00:00,2872.61,307.39,0.0,32.28,43.49,0.5,645.05
2026-07-24 14:00:00+00:00,3019.79,305.78,31.43,32.13,38.31,2.38,594.77
2026-07-24 15:00:00+00:00,2944.31,222.04,8.26,34.38,47.94,2.81,463.28
2026-07-24 16:00:00+00:00,2756.63,201.21,49.11,29.91,32.89,5.06,350.7
2026-07-24 17:00:00+00:00,2394.69,103.58,48.72,31.77,19.96,5.19,183.72
2026-07-24 18:00:00+00:00,2321.26,0.34,22.9,29.36,65.27,5.35,73.43
2026-07-24 19:00:00+00:00,2202.5,0.0,42.23,28.34,27.98,4.48,0.0
2026-07-24 20:00:00+00:00,1888.16,0.0,54.76,28.37,31.58,6.4,0.0
2026-07-24 21:00:00+00:00,1771.78,0.0,87.67,29.0,44.92,11.07,0.0
2026-07-24 22:00:00+00:00,1629.27,0.0,106.54,27.91,68.09,11.59,0.0
2026-07-24 23:00:00+00:00,1441.88,0.0,121.19,26.35,54.76,11.25,0.0
2026-07-25 00:00:00+00:00,1139.0,0.0,106.73,26.73,45.08,7.68,0.0
2026-07-25 01:00:00+00:00,1162.33,0.0,93.6,26.29,54.67,6.17,0.0
2026-07-25 02:00:00+00:00,1115.89,0.0,129.19,29.09,60.55,8.75,0.0
2026-07-25 03:00:00+00:00,1232.26,0.0,109.51,27.12,61.48,7.4,0.0
2026-07-25 04:00:00+00:00,1207.82,0.0,178.1,26.29,88.6,11.92,0.0
2026-07-25 05:00:00+00:00,1492.3,0.0,126.56,25.22,62.94,7.57,0.0
2026-07-25 06:00:00+00:00,1482.27,0.0,63.98,29.45,54.62,4.51,0.0
2026-07-25 07:00:00+00:00,1682.71,65.84,62.05,31.09,68.17,5.45,71.89
2026-07-25 08:00:00+00:00,2089.75,223.87,60.24,32.99,35.64,5.19,316.42
2026-07-25 09:00:00+00:00,2183.85,241.22,64.54,33.23,33.48,3.73,488.13
2026-07-25 10:00:00+00:00,2405.58,157.31,41.51,30.81,76.12,1.58,341.79
2026-07-25 11:00:00+00:00,2575.72,320.85,26.81,35.31,41.91,1.93,630.07
2026-07-25 12:00:00+00:00,2460.52,286.36,48.24,33.35,49.24,4.61,604.66
2026-07-25 13:00:00+00:00,2542.04,305.47,58.57,31.38,34.86,5.1,661.09
2026-07-25 14:00:00+00:00,2313.03,319.55,27.77,32.74,35.28,2.76,581.24
2026-07-25 15:00:00+00:00,2528.73,283.24,0.0,31.72,24.9,0.5,537.47
2026-07-25 16:00:00+00:00,2049.32,182.74,28.32,31.49,36.21,5.23,359.57
2026-07-25 17:00:00+00:00,2181.37,105.61,34.97,27.81,32.68,5.05,132.96
2026-07-25 18:00:00+00:00,2046.15,0.0,46.05,27.35,20.31,7.05,0.0
2026-07-25 19:00:00+00:00,1678.09,0.0,52.87,24.09,33.31,7.0,0.0
2026-07-25 20:00:00+00:00,1432.82,0.0,63.7,26.79,27.35,8.21,0.0
2026-07-25 21:00:00+00:00,1420.87,0.0,57.89,29.08,60.99,7.9,0.0
2026-07-25 22:00:00+00:00,1364.76,0.0,76.18,26.2,50.66,5.98,0.0
2026-07-25 23:00:00+00:00,1258.23,0.0,53.43,26.56,25.95,5.21,0.0
2026-07-26 00:00:00+00:00,1115.51,0.0,105.39,27.95,42.0,9.66,0.0
2026-07-26 01:00:00+00:00,1097.29,0.0,160.37,26.03,35.93,11.88,0.0
2026-07-26 02:00:00+00:00,1216.27,0.0,95.81,25.83,41.72,7.13,0.0
2026-07-26 03:00:00+00:00,1327.53,0.0,126.97,25.33,62.94,8.12,0.0
2026-07-26 04:00:00+00:00,1227.1,0.0,56.25,27.6,73.78,4.19,0.0
2026-07-26 05:00:00+00:00,1451.36,0.0,78.93,24.63,76.42,6.36,0.0
2026-07-26 06:00:00+00:00,1569.76,0.0,155.35,31.72,51.59,9.1,0.0
2026-07-26 07:00:00+00:00,1841.92,104.4,17.53,28.28,48.39,1.48,181.11
2026-07-26 08:00:00+00:00,2020.07,174.32,55.18,31.46,43.65,2.83,303.48
2026-07-26 09:00:00+00:00,2081.88,122.46,59.85,30.9,75.58,2.79,305.98
2026-07-26 10:00:00+00:00,2421.6,205.26,23.86,33.42,60.12,1.88,540.41
2026-07-26 11:00:00+00:00,2537.18,237.59,0.0,33.14,56.07,0.7,557.54
2026-07-26 12:00:00+00:00,2561.0,315.0,67.1,32.91,43.45,6.0,669.36
2026-07-26 13:00:00+00:00,2467.41,248.03,33.69,31.29,57.84,3.08,572.68
2026-07-26 14:00:00+00:00,2421.65,327.96,34.15,34.3,20.45,3.87,672.56
2026-07-26 15:00:00+00:00,2435.56,177.78,24.67,34.34,64.51,3.59,421.55
2026-07-26 16:00:00+00:00,2219.92,182.05,0.0,30.36,26.85,0.5,408.07
2026-07-26 17:00:00+00:00,2096.64,47.07,67.39,29.62,61.96,8.41,86.89
2026-07-26 18:00:00+00:00,2090.14,8.2,41.0,29.06,25.45,5.15,0.0
2026-07-26 19:00:00+00:00,1891.09,0.0,49.51,22.63,34.51,9.94,0.0
2026-07-26 20:00:00+00:00,1628.55,0.0,65.12,26.16,18.99,9.92,0.0
2026-07-26 21:00:00+00:00,1447.92,0.0,48.72,26.68,0.28,4.95,0.0
2026-07-26 22:00:00+00:00,1188.05,0.0,90.45,23.72,36.78,9.62,0.0
2026-07-26 23:00:00+00:00,1182.37,0.0,85.7,26.73,71.83,7.44,0.0
2026-07-27 00:00:00+00:00,1316.15,0.0,91.18,24.62,46.69,7.09,0.0
2026-07-27 01:00:00+00:00,1419.24,0.0,97.59,27.44,42.65,8.17,0.0
2026-07-27 02:00:00+00:00,1196.81,0.0,119.96,26.83,54.6,7.47,0.0
2026-07-27 03:00:00+00:00,1357.14,0.0,101.5,25.45,76.0,5.88,0.0
2026-07-27 04:00:00+00:00,1511.23,0.0,128.25,28.1,66.12,8.02,0.0
2026-07-27 05:00:00+00:00,1818.81,0.0,69.25,25.62,78.05,4.39,0.0
2026-07-27 06:00:00+00:00,1890.54,13.41,77.5,28.64,76.38,5.05,0.0
2026-07-27 07:00:00+00:00,2244.66,57.35,95.82,29.72,64.64,5.95,129.56
2026-07-27 08:00:00+00:00,2410.77,159.42,17.97,30.86,43.24,1.43,304.36
2026-07-27 09:00:00+00:00,2520.2,133.64,84.34,33.99,83.87,5.39,254.96
2026-07-27 10:00:00+00:00,2721.37,200.54,50.96,32.54,68.28,4.42,407.51
2026-07-27 11:00:00+00:00,2882.91,328.55,0.0,33.46,37.17,0.5,637.04
2026-07-27 12:00:00+00:00,2921.76,360.31,37.07,33.69,32.8,2.86,737.17
2026-07-27 13:00:00+00:00,2896.47,276.1,102.61,30.4,54.17,8.31,551.71
2026-07-27 14:00:00+00:00,2988.62,379.01,35.16,34.41,10.17,3.53,803.76
2026-07-27 15:00:00+00:00,2727.61,174.81,22.72,30.23,57.89,0.97,393.04
2026-07-27 16:00:00+00:00,2584.61,192.05,18.68,31.27,28.62,1.21,307.98
2026-07-27 17:00:00+00:00,2413.63,80.57,40.04,29.07,59.07,2.79,134.07
2026-07-27 18:00:00+00:00,2352.39,18.32,50.98,25.97,29.81,7.53,0.0
2026-07-27 19:00:00+00:00,2095.04,0.0,60.81,27.44,61.92,9.67,0.0
2026-07-27 20:00:00+00:00,1872.74,0.0,28.59,25.23,51.66,3.76,0.0
2026-07-27 21:00:00+00:00,1690.27,0.0,93.22,25.86,43.59,12.25,0.0
2026-07-27 22:00:00+00:00,1547.49,0.0,93.55,28.14,46.09,10.48,0.0
2026-07-27 23:00:00+00:00,1437.53,0.0,30.22,23.94,21.82,4.23,0.0
2026-07-28 00:00:00+00:00,1259.75,0.0,93.86,28.48,50.45,7.51,0.0
2026-07-28 01:00:00+00:00,1328.37,0.0,130.82,25.39,39.1,10.27,0.0
2026-07-28 02:00:00+00:00,1261.91,0.0,139.2,27.55,57.63,8.36,0.0
2026-07-28 03:00:00+00:00,1471.75,0.0,109.86,25.72,83.95,6.74,0.0
2026-07-28 04:00:00+00:00,1682.03,0.0,135.81,28.31,50.38,8.65,0.0
2026-07-28 05:00:00+00:00,1836.91,0.0,73.82,26.64,56.64,5.08,0.0
2026-07-28 06:00:00+00:00,1856.91,1.89,97.54,27.18,89.16,6.25,63.61
2026-07-28 07:00:00+00:00,2096.92,82.71,83.32,30.1,37.88,5.59,183.82
2026-07-28 08:00:00+00:00,2458.66,132.79,67.0,32.18,45.42,4.52,375.96
2026-07-28 09:00:00+00:00,2540.6,206.81,5.07,32.76,59.55,0.5,395.3
2026-07-28 10:00:00+00:00,2822.5,279.75,7.32,34.67,38.49,0.5,601.05
2026-07-28 11:00:00+00:00,2793.14,260.1,42.46,31.35,51.16,3.78,559.76
2026-07-28 12:00:00+00:00,2838.39,271.9,19.44,36.23,51.09,0.5,583.99
2026-07-28 13:00:00+00:00,2999.4,143.12,21.88,33.21,74.48,1.91,436.61
2026-07-28 14:00:00+00:00,3014.85,195.29,30.66,32.85,64.79,4.33,408.75
2026-07-28 15:00:00+00:00,2845.63,259.96,59.35,32.42,36.35,5.96,492.39
2026-07-28 16:00:00+00:00,2798.84,127.17,34.94,32.27,58.3,4.72,280.12
2026-07-28 17:00:00+00:00,2654.09,76.88,31.92,32.47,59.84,4.21,126.4
2026-07-28 18:00:00+00:00,2317.38,3.98,29.29,28.11,39.98,4.96,0.0
2026-07-28 19:00:00+00:00,2077.9,0.0,60.31,27.95,54.84,7.72,0.0
2026-07-28 20:00:00+00:00,1904.64,0.0,83.49,26.71,18.47,7.85,0.0
2026-07-28 21:00:00+00:00,1713.1,0.0,51.92,28.78,50.06,7.62,0.0
2026-07-28 22:00:00+00:00,1365.87,0.0,63.33,23.98,29.41,7.5,0.0
2026-07-28 23:00:00+00:00,1379.86,0.0,85.43,26.22,42.89,6.57,0.0
2026-07-29 00:00:00+00:00,1324.99,0.0,84.06,27.56,41.6,7.86,0.0
2026-07-29 01:00:00+00:00,1212.42,0.0,91.05,25.42,69.04,7.06,0.0
2026-07-29 02:00:00+00:00,1396.7,0.0,111.0,26.75,27.91,7.52,0.0
2026-07-29 03:00:00+00:00,1631.19,0.0,159.9,29.92,79.37,10.02,0.0
2026-07-29 04:00:00+00:00,1542.93,0.0,79.61,26.82,77.6,5.38,0.0
2026-07-29 05:00:00+00:00,1733.08,0.0,71.25,27.17,54.71,4.4,0.0
2026-07-29 06:00:00+00:00,1926.1,3.28,55.74,25.68,43.17,2.71,0.0
2026-07-29 07:00:00+00:00,2202.87,56.32,93.51,30.99,80.57,5.44,114.11
2026-07-29 08:00:00+00:00,2443.94,215.65,32.19,32.98,27.8,2.92,357.42
2026-07-29 09:00:00+00:00,2537.9,203.38,15.56,34.22,43.03,0.6,446.79
2026-07-29 10:00:00+00:00,2722.06,193.8,0.0,33.92,73.31,1.54,397.3
2026-07-29 11:00:00+00:00,2812.22,255.9,7.13,31.97,53.97,0.5,548.82
2026-07-29 12:00:00+00:00,2939.85,280.33,17.37,34.51,46.46,1.09,616.29
2026-07-29 13:00:00+00:00,2859.99,215.62,21.64,32.72,65.04,3.28,527.49
2026-07-29 14:00:00+00:00,2863.73,210.74,55.14,31.84,61.28,5.38,426.55
2026-07-29 15:00:00+00:00,2757.08,310.76,35.53,29.47,15.35,3.86,512.81
2026-07-29 16:00:00+00:00,2626.8,184.89,41.9,30.86,31.52,5.19,363.99
2026-07-29 17:00:00+00:00,2494.71,74.86,44.05,32.44,47.31,6.65,141.16
2026-07-29 18:00:00+00:00,2358.39,3.34,52.31,27.06,53.99,6.77,0.0
2026-07-29 19:00:00+00:00,2149.89,0.0,32.42,24.55,33.33,5.66,0.0
2026-07-29 20:00:00+00:00,1898.06,0.0,63.63,22.82,20.78,6.38,0.0
2026-07-29 21:00:00+00:00,1788.33,0.0,51.48,27.45,40.62,7.06,0.0
2026-07-29 22:00:00+00:00,1565.71,0.0,88.59,26.36,26.16,10.44,0.0
2026-07-29 23:00:00+00:00,1364.42,0.0,70.18,26.4,53.76,7.4,0.0
2026-07-30 00:00:00+00:00,1220.37,0.0,83.52,27.06,44.63,7.09,0.0
2026-07-30 01:00:00+00:00,1359.84,0.0,114.53,26.28,49.06,8.3,0.0
2026-07-30 02:00:00+00:00,1243.75,0.0,85.64,27.38,53.89,6.46,0.0
2026-07-30 03:00:00+00:00,1329.94,0.0,94.57,26.58,48.81,7.31,0.0
2026-07-30 04:00:00+00:00,1446.81,0.0,81.43,27.78,55.87,4.83,0.0
2026-07-30 05:00:00+00:00,1785.73,0.0,70.07,28.61,58.44,5.35,0.0
2026-07-30 06:00:00+00:00,1857.93,0.0,4.15,31.5,100.0,0.5,0.0
2026-07-30 07:00:00+00:00,2157.11,43.93,23.16,31.06,62.8,2.4,130.25
2026-07-30 08:00:00+00:00,2411.49,165.44,57.39,34.04,53.35,3.23,278.0
2026-07-30 09:00:00+00:00,2362.24,248.45,20.77,29.81,39.84,2.08,459.3
2026-07-30 10:00:00+00:00,2643.93,136.34,22.01,35.12,84.81,1.91,351.91
2026-07-30 11:00:00+00:00,2895.02,271.79,32.52,31.75,49.54,1.17,572.45
2026-07-30 12:00:00+00:00,2856.96,185.55,13.85,31.56,74.23,0.5,454.58
2026-07-30 13:00:00+00:00,2921.87,210.61,1.94,35.63,63.98,1.29,504.09
2026-07-30 14:00:00+00:00,3027.38,282.97,0.0,32.22,46.24,0.5,537.74
2026-07-30 15:00:00+00:00,2775.73,244.64,0.0,29.99,46.29,0.5,473.31
2026-07-30 16:00:00+00:00,2749.75,186.18,38.67,32.43,35.5,2.84,302.4
2026-07-30 17:00:00+00:00,2638.2,89.05,29.95,31.36,26.6,2.22,150.57
2026-07-30 18:00:00+00:00,2305.82,0.0,36.2,29.34,39.95,4.39,19.82
2026-07-30 19:00:00+00:00,2094.88,0.0,52.59,26.33,23.54,6.98,0.0
2026-07-30 20:00:00+00:00,2016.67,0.0,81.98,25.87,18.87,9.97,0.0
2026-07-30 21:00:00+00:00,1671.69,0.0,74.06,25.97,34.89,9.89,0.0
2026-07-30 22:00:00+00:00,1422.44,0.0,107.25,29.36,41.78,11.13,0.0
2026-07-30 23:00:00+00:00,1313.76,0.0,87.27,29.66,46.56,7.37,0.0
2026-07-31 00:00:00+00:00,1451.81,0.0,76.08,25.37,48.58,5.53,0.0
2026-07-31 01:00:00+00:00,1270.73,0.0,131.12,26.48,36.57,10.97,0.0
2026-07-31 02:00:00+00:00,1277.43,0.0,73.87,23.88,47.81,4.69,0.0
2026-07-31 03:00:00+00:00,1412.39,0.0,105.48,25.96,65.94,5.67,0.0
2026-07-31 04:00:00+00:00,1655.92,0.0,49.12,26.01,68.76,3.37,0.0
2026-07-31 05:00:00+00:00,1753.68,0.0,110.94,28.1,62.64,7.0,0.0
2026-07-31 06:00:00+00:00,1923.39,0.0,109.76,30.17,53.62,6.56,0.0
2026-07-31 07:00:00+00:00,2095.6,57.87,64.97,28.21,68.2,4.31,110.82
2026-07-31 08:00:00+00:00,2341.42,167.78,111.24,30.83,47.91,8.19,338.05
2026-07-31 09:00:00+00:00,2516.45,206.44,0.0,28.23,54.62,0.5,397.58
2026-07-31 10:00:00+00:00,2828.2,223.2,61.62,33.46,57.72,3.1,463.93
2026-07-31 11:00:00+00:00,2875.98,216.77,0.0,32.17,65.02,1.98,482.65
2026-07-31 12:00:00+00:00,2871.34,192.75,47.84,28.93,69.09,4.46,542.1
2026-07-31 13:00:00+00:00,2988.88,357.99,43.06,33.37,31.01,5.4,756.79
2026-07-31 14:00:00+00:00,2903.55,277.73,2.29,35.18,43.64,1.82,567.07
2026-07-31 15:00:00+00:00,2837.33,223.92,49.85,33.69,37.83,5.2,469.87
2026-07-31 16:00:00+00:00,2529.2,184.64,33.65,29.71,29.71,3.5,364.5
2026-07-31 17:00:00+00:00,2417.56,94.2,41.04,29.25,32.14,4.55,179.25
2026-07-31 18:00:00+00:00,2299.67,0.0,15.83,26.95,29.38,2.24,28.24
2026-07-31 19:00:00+00:00,2014.66,0.0,33.1,24.72,20.01,2.86,0.0
2026-07-31 20:00:00+00:00,1953.71,0.0,25.16,25.43,44.0,4.83,0.0
2026-07-31 21:00:00+00:00,1750.43,0.0,89.83,26.59,40.19,11.78,0.0
2026-07-31 22:00:00+00:00,1466.92,0.0,37.4,27.56,74.57,4.34,0.0
2026-07-31 23:00:00+00:00,1519.5,0.0,40.64,25.9,41.13,5.29,0.0
2026-08-01 00:00:00+00:00,1049.82,0.0,79.14,26.21,65.69,7.94,0.0
2026-08-01 01:00:00+00:00,992.88,0.0,115.81,26.16,42.53,8.31,0.0
2026-08-01 02:00:00+00:00,1093.15,0.0,141.21,26.68,60.35,10.48,0.0
2026-08-01 03:00:00+00:00,1129.65,0.0,85.26,25.68,57.72,6.94,0.0
2026-08-01 04:00:00+00:00,1400.13,0.0,127.89,25.66,68.39,6.77,0.0
2026-08-01 05:00:00+00:00,1581.79,0.0,139.1,27.64,85.23,7.31,0.0
2026-08-01 06:00:00+00:00,1581.98,9.32,69.29,29.93,75.6,4.59,0.0
2026-08-01 07:00:00+00:00,1821.45,119.83,129.52,29.51,29.16,7.67,181.04
2026-08-01 08:00:00+00:00,2025.31,178.95,121.0,33.17,44.36,8.29,349.52
2026-08-01 09:00:00+00:00,2191.69,140.7,0.0,31.61,82.27,0.5,304.17
2026-08-01 10:00:00+00:00,2257.55,261.86,10.24,35.25,49.11,1.51,487.59
2026-08-01 11:00:00+00:00,2467.51,301.97,6.82,34.45,43.94,0.5,598.86
2026-08-01 12:00:00+00:00,2516.16,231.08,1.49,34.55,66.24,1.38,471.26
2026-08-01 13:00:00+00:00,2551.55,316.69,1.7,32.0,35.33,1.69,641.75
2026-08-01 14:00:00+00:00,2444.77,283.26,6.1,32.33,39.87,0.5,554.07
2026-08-01 15:00:00+00:00,2397.19,174.04,43.49,31.05,61.56,3.86,351.0
2026-08-01 16:00:00+00:00,2370.68,151.87,23.67,30.1,48.52,3.58,349.19
2026-08-01 17:00:00+00:00,2100.94,87.14,39.72,30.56,32.8,7.58,184.35
2026-08-01 18:00:00+00:00,1971.18,17.25,26.45,29.34,22.7,7.2,0.0
2026-08-01 19:00:00+00:00,1830.72,0.0,48.68,29.53,29.13,6.06,0.0
2026-08-01 20:00:00+00:00,1749.87,0.0,60.53,26.92,51.97,7.54,0.0
2026-08-01 21:00:00+00:00,1653.89,0.0,22.8,29.45,52.91,3.51,0.0
2026-08-01 22:00:00+00:00,1249.09,0.0,95.36,28.75,42.9,9.72,0.0
2026-08-01 23:00:00+00:00,1270.98,0.0,69.38,26.13,69.8,8.78,0.0
2026-08-02 00:00:00+00:00,1205.06,0.0,94.89,26.35,56.16,8.45,0.0
2026-08-02 01:00:00+00:00,1152.15,0.0,39.96,26.56,71.6,3.34,0.0
2026-08-02 02:00:00+00:00,1211.3,0.0,141.07,25.11,62.55,10.05,0.0
2026-08-02 03:00:00+00:00,1140.66,0.0,99.25,27.8,73.63,6.95,0.0
2026-08-02 04:00:00+00:00,1169.38,0.0,78.83,27.74,62.36,4.41,0.0
2026-08-02 05:00:00+00:00,1340.29,0.0,135.74,25.66,69.44,8.26,0.0
2026-08-02 06:00:00+00:00,1654.59,15.47,122.77,28.23,70.7,7.48,0.0
2026-08-02 07:00:00+00:00,1829.9,38.37,90.95,29.57,70.77,4.91,140.51
2026-08-02 08:00:00+00:00,2017.54,95.79,4.58,32.73,65.78,0.51,249.21
2026-08-02 09:00:00+00:00,2153.12,147.3,53.97,29.9,69.72,3.21,291.24
2026-08-02 10:00:00+00:00,2300.72,271.13,10.28,32.23,45.48,0.86,526.97
2026-08-02 11:00:00+00:00,2369.42,336.73,96.46,32.68,48.61,7.12,564.48
2026-08-02 12:00:00+00:00,2446.14,232.4,21.92,31.41,62.64,0.5,551.43
2026-08-02 13:00:00+00:00,2576.33,256.75,32.18,34.16,60.71,2.97,504.14
2026-08-02 14:00:00+00:00,2535.53,214.85,25.0,35.52,55.26,2.83,499.84
2026-08-02 15:00:00+00:00,2471.04,265.82,30.57,32.35,33.15,3.55,496.38
2026-08-02 16:00:00+00:00,2238.43,109.61,39.04,28.93,63.87,3.22,255.96
2026-08-02 17:00:00+00:00,2158.74,81.07,30.79,31.86,42.18,4.01,186.01
2026-08-02 18:00:00+00:00,1911.47,10.65,26.99,27.82,38.78,5.41,18.09
2026-08-02 19:00:00+00:00,1866.25,0.0,15.14,25.62,27.58,3.63,0.0
2026-08-02 20:00:00+00:00,1593.95,0.0,29.2,25.43,55.84,5.36,0.0
2026-08-02 21:00:00+00:00,1488.0,0.0,70.66,27.73,52.09,8.6,0.0
2026-08-02 22:00:00+00:00,1365.35,0.0,86.36,25.7,30.28,10.18,0.0
2026-08-02 23:00:00+00:00,1210.31,0.0,54.36,26.54,41.62,5.64,0.0
2026-08-03 00:00:00+00:00,1297.55,0.0,55.99,25.03,27.81,4.87,0.0
2026-08-03 01:00:00+00:00,1346.15,0.0,98.83,25.15,63.64,7.77,0.0
2026-08-03 02:00:00+00:00,1370.41,0.0,62.49,25.28,59.21,5.07,0.0
2026-08-03 03:00:00+00:00,1317.37,0.0,133.79,27.84,55.53,9.25,0.0
2026-08-03 04:00:00+00:00,1537.62,0.0,175.68,27.03,80.55,9.83,0.0
2026-08-03 05:00:00+00:00,1733.62,0.0,40.79,26.02,80.97,3.89,0.0
2026-08-03 06:00:00+00:00,1965.46,0.0,29.9,26.78,72.0,2.38,12.81
2026-08-03 07:00:00+00:00,2075.52,100.6,59.14,29.04,50.0,4.02,158.35
2026-08-03 08:00:00+00:00,2443.26,145.0,63.87,33.05,47.37,3.65,343.38
2026-08-03 09:00:00+00:00,2577.13,207.35,69.21,32.63,52.51,4.11,469.5
2026-08-03 10:00:00+00:00,2847.61,196.82,0.0,30.6,64.4,0.5,427.08
2026-08-03 11:00:00+00:00,2871.51,299.89,21.09,35.02,39.67,1.21,676.91
2026-08-03 12:00:00+00:00,3057.76,182.66,7.26,32.86,73.1,0.79,492.95
2026-08-03 13:00:00+00:00,2938.47,349.85,28.13,33.87,33.26,2.64,669.84
2026-08-03 14:00:00+00:00,2914.69,305.48,15.08,33.04,33.52,1.29,601.7
2026-08-03 15:00:00+00:00,2923.16,270.05,20.62,29.27,28.44,2.32,490.07
2026-08-03 16:00:00+00:00,2594.24,169.23,0.0,30.23,36.77,1.07,334.59
2026-08-03 17:00:00+00:00,2611.02,77.53,35.7,28.06,57.47,5.88,183.26
2026-08-03 18:00:00+00:00,2277.85,29.59,32.63,26.9,52.2,5.13,74.82
2026-08-03 19:00:00+00:00,2061.2,0.0,15.18,28.46,60.96,3.73,0.0
2026-08-03 20:00:00+00:00,1897.13,0.0,50.36,24.61,47.02,6.11,0.0
2026-08-03 21:00:00+00:00,1742.59,0.0,58.43,23.67,58.69,6.42,0.0
2026-08-03 22:00:00+00:00,1538.88,0.0,32.72,28.52,40.93,3.35,0.0
2026-08-03 23:00:00+00:00,1299.76,0.0,81.15,24.91,48.33,7.18,0.0
2026-08-04 00:00:00+00:00,1426.1,0.0,82.13,25.59,43.9,7.07,0.0
2026-08-04 01:00:00+00:00,1407.95,0.0,120.84,26.55,47.27,8.82,0.0
2026-08-04 02:00:00+00:00,1257.17,0.0,66.48,27.47,66.59,4.84,0.0
2026-08-04 03:00:00+00:00,1299.46,0.0,48.77,25.35,44.64,3.38,0.0
2026-08-04 04:00:00+00:00,1499.61,0.0,117.41,26.33,51.09,6.66,0.0
2026-08-04 05:00:00+00:00,1587.83,0.0,101.09,26.19,74.93,6.18,0.0
2026-08-04 06:00:00+00:00,1785.56,0.22,64.22,26.58,63.38,3.51,11.46
2026-08-04 07:00:00+00:00,2240.13,50.01,61.15,31.09,53.03,4.26,156.12
2026-08-04 08:00:00+00:00,2162.68,130.92,16.1,35.14,58.89,0.5,255.84
2026-08-04 09:00:00+00:00,2403.33,192.37,64.32,30.6,53.55,4.73,356.71
2026-08-04 10:00:00+00:00,2744.49,296.94,42.17,32.32,38.54,2.83,574.67
2026-08-04 11:00:00+00:00,2893.11,225.57,32.18,31.1,61.27,1.44,509.23
2026-08-04 12:00:00+00:00,3043.08,246.29,0.0,35.6,61.29,0.5,466.66
2026-08-04 13:00:00+00:00,2886.29,347.72,23.9,35.03,33.19,1.25,692.7
2026-08-04 14:00:00+00:00,2732.03,195.55,50.43,33.08,61.21,4.67,461.59
2026-08-04 15:00:00+00:00,2746.82,242.28,28.39,29.65,34.49,3.56,534.14
2026-08-04 16:00:00+00:00,2697.22,184.4,37.07,31.46,34.7,5.6,321.94
2026-08-04 17:00:00+00:00,2544.95,79.22,33.36,30.99,37.75,5.8,180.14
2026-08-04 18:00:00+00:00,2121.23,0.0,29.3,30.27,44.53,2.95,5.43
2026-08-04 19:00:00+00:00,2068.62,0.0,6.8,26.25,37.28,0.5,0.0
2026-08-04 20:00:00+00:00,1879.69,0.0,31.28,27.13,51.44,6.08,0.0
2026-08-04 21:00:00+00:00,1613.19,0.0,42.94,26.13,20.47,3.43,0.0
2026-08-04 22:00:00+00:00,1391.07,0.0,69.6,26.03,45.8,6.57,0.0
2026-08-04 23:00:00+00:00,1425.62,0.0,73.52,23.18,37.8,7.79,0.0
2026-08-05 00:00:00+00:00,1265.41,0.0,85.56,23.65,37.98,6.5,0.0
2026-08-05 01:00:00+00:00,1376.84,0.0,105.13,24.59,58.4,8.21,0.0
2026-08-05 02:00:00+00:00,1207.02,0.0,93.56,27.6,54.92,8.47,0.0
2026-08-05 03:00:00+00:00,1365.19,0.0,137.61,26.98,67.07,8.07,0.0
2026-08-05 04:00:00+00:00,1671.81,0.0,119.83,25.72,69.3,7.69,0.0
2026-08-05 05:00:00+00:00,1733.71,0.0,151.04,25.43,42.02,8.88,0.0
2026-08-05 06:00:00+00:00,1861.26,0.0,35.9,33.09,69.88,2.4,0.0
2026-08-05 07:00:00+00:00,2081.96,93.77,126.92,28.82,43.59,7.41,174.21
2026-08-05 08:00:00+00:00,2387.17,99.8,58.07,31.32,73.27,3.77,250.31
2026-08-05 09:00:00+00:00,2514.87,183.99,52.12,34.24,53.44,3.66,422.09
2026-08-05 10:00:00+00:00,2797.01,312.77,0.0,32.0,35.63,1.1,602.28
2026-08-05 11:00:00+00:00,2840.45,298.27,38.77,34.2,45.51,3.01,605.15
2026-08-05 12:00:00+00:00,3007.52,266.1,59.83,35.43,49.71,4.17,629.97
2026-08-05 13:00:00+00:00,3096.42,239.79,16.65,32.55,56.85,0.5,504.28
2026-08-05 14:00:00+00:00,2915.42,286.15,17.24,32.92,36.2,2.31,552.3
2026-08-05 15:00:00+00:00,2842.27,218.12,11.53,33.33,43.21,0.5,478.63
2026-08-05 16:00:00+00:00,2669.08,203.25,64.59,30.66,19.52,7.2,390.91
2026-08-05 17:00:00+00:00,2566.57,112.28,33.33,28.92,12.34,2.87,253.58
2026-08-05 18:00:00+00:00,2240.5,0.07,34.21,29.53,31.0,4.67,9.88
2026-08-05 19:00:00+00:00,2182.25,0.0,16.9,23.88,32.67,5.17,0.0
2026-08-05 20:00:00+00:00,1889.46,0.0,79.74,25.84,29.78,8.42,0.0
2026-08-05 21:00:00+00:00,1671.67,0.0,70.4,27.4,33.24,7.6,0.0
2026-08-05 22:00:00+00:00,1632.38,0.0,55.98,24.41,30.14,8.51,0.0
2026-08-05 23:00:00+00:00,1167.04,0.0,27.55,28.47,44.02,4.13,0.0
2026-08-06 00:00:00+00:00,1283.3,0.0,97.03,26.36,49.01,9.27,0.0
2026-08-06 01:00:00+00:00,1236.87,0.0,117.36,25.77,54.39,8.36,0.0
2026-08-06 02:00:00+00:00,1413.25,0.0,90.94,25.45,44.45,6.51,0.0
2026-08-06 03:00:00+00:00,1423.95,0.0,185.75,25.34,74.5,11.41,0.0
2026-08-06 04:00:00+00:00,1431.71,0.0,102.78,27.94,53.91,6.55,0.0
2026-08-06 05:00:00+00:00,1677.03,0.0,75.87,25.45,58.45,4.28,0.0
2026-08-06 06:00:00+00:00,1912.47,7.55,61.03,28.21,37.03,3.51,0.0
2026-08-06 07:00:00+00:00,2159.35,68.14,63.65,28.5,68.19,3.28,92.89
2026-08-06 08:00:00+00:00,2266.18,78.56,15.99,29.97,80.68,2.51,227.56
2026-08-06 09:00:00+00:00,2429.04,162.51,22.25,31.47,61.97,2.06,426.15
2026-08-06 10:00:00+00:00,2635.91,152.34,88.97,31.87,72.97,5.36,379.23
2026-08-06 11:00:00+00:00,2879.94,280.74,0.0,34.9,52.29,0.5,527.07
2026-08-06 12:00:00+00:00,2968.23,174.26,15.33,32.9,74.27,1.56,499.04
2026-08-06 13:00:00+00:00,2867.16,371.03,0.82,33.02,31.83,0.5,730.06
2026-08-06 14:00:00+00:00,2749.2,255.84,0.0,32.68,50.93,1.2,531.83
2026-08-06 15:00:00+00:00,2722.97,189.41,35.39,31.58,52.21,4.12,375.95
2026-08-06 16:00:00+00:00,2707.71,176.67,24.83,27.84,36.81,4.12,331.08
2026-08-06 17:00:00+00:00,2538.33,110.22,15.46,26.78,37.51,2.32,157.33
2026-08-06 18:00:00+00:00,2405.39,0.0,34.19,29.22,13.33,5.49,0.0
2026-08-06 19:00:00+00:00,2304.13,0.0,13.55,27.97,34.13,3.56,0.0
2026-08-06 20:00:00+00:00,1877.77,0.0,49.77,26.29,42.21,7.04,0.0
2026-08-06 21:00:00+00:00,1682.4,0.0,98.84,26.03,22.65,11.42,0.0
2026-08-06 22:00:00+00:00,1410.33,0.0,59.69,25.88,37.18,6.69,0.0
2026-08-06 23:00:00+00:00,1361.01,0.0,48.11,25.78,63.69,5.5,0.0
2026-08-07 00:00:00+00:00,1404.87,0.0,104.99,28.53,36.96,9.12,0.0
2026-08-07 01:00:00+00:00,1199.15,0.0,128.57,24.3,33.42,9.62,0.0
2026-08-07 02:00:00+00:00,1252.57,0.0,111.25,26.53,63.16,8.54,0.0
2026-08-07 03:00:00+00:00,1459.08,0.0,14.28,27.43,51.17,1.62,0.0
2026-08-07 04:00:00+00:00,1613.98,0.0,106.05,27.06,83.88,6.53,0.0
2026-08-07 05:00:00+00:00,1753.85,0.0,93.11,28.74,48.56,5.76,0.0
2026-08-07 06:00:00+00:00,1916.86,8.29,164.23,30.09,58.52,9.14,63.67
2026-08-07 07:00:00+00:00,2081.88,81.25,87.26,27.87,44.81,6.74,171.57
2026-08-07 08:00:00+00:00,2361.83,148.23,70.39,30.58,51.69,5.34,324.77
2026-08-07 09:00:00+00:00,2406.34,141.35,74.2,32.78,70.05,5.37,402.76
2026-08-07 10:00:00+00:00,2621.83,209.19,17.15,32.95,57.7,1.93,510.43
2026-08-07 11:00:00+00:00,2769.66,353.38,25.39,32.65,35.45,2.01,658.9
2026-08-07 12:00:00+00:00,2946.51,314.54,18.66,34.96,47.07,1.95,600.67
2026-08-07 13:00:00+00:00,3027.67,347.33,52.76,33.97,33.93,3.62,655.31
2026-08-07 14:00:00+00:00,2776.53,368.88,10.68,30.96,20.36,1.17,632.1
2026-08-07 15:00:00+00:00,2751.64,234.76,21.65,31.18,33.59,1.68,543.4
2026-08-07 16:00:00+00:00,2760.33,101.36,10.53,30.54,67.59,2.45,272.61
2026-08-07 17:00:00+00:00,2308.6,90.75,6.97,30.77,44.13,1.4,130.55
2026-08-07 18:00:00+00:00,2253.27,1.77,24.53,28.12,9.63,2.8,0.0
2026-08-07 19:00:00+00:00,2033.6,0.0,38.0,29.77,35.21,8.01,0.0
2026-08-07 20:00:00+00:00,1830.51,0.0,28.36,25.83,13.04,6.53,0.0
2026-08-07 21:00:00+00:00,1771.85,0.0,23.99,28.97,31.33,3.85,0.0
2026-08-07 22:00:00+00:00,1561.9,0.0,65.66,28.0,31.5,6.52,0.0
2026-08-07 23:00:00+00:00,1466.83,0.0,94.89,27.51,44.77,8.96,0.0
2026-08-08 00:00:00+00:00,1131.54,0.0,103.18,26.12,28.32,9.2,0.0
2026-08-08 01:00:00+00:00,1103.22,0.0,148.15,28.25,32.46,11.19,0.0
2026-08-08 02:00:00+00:00,1154.95,0.0,110.45,25.74,32.49,7.32,0.0
2026-08-08 03:00:00+00:00,1360.26,0.0,50.46,26.04,27.72,4.04,0.0
2026-08-08 04:00:00+00:00,1354.18,0.0,89.94,28.48,48.98,6.14,0.0
2026-08-08 05:00:00+00:00,1423.59,0.0,117.08,28.72,65.62,6.7,0.0
2026-08-08 06:00:00+00:00,1680.7,7.34,130.3,30.7,63.03,8.46,0.0
2026-08-08 07:00:00+00:00,1796.7,58.66,40.84,29.95,64.6,2.52,143.36
2026-08-08 08:00:00+00:00,2184.06,109.12,54.62,30.7,57.47,3.78,258.26
2026-08-08 09:00:00+00:00,2161.57,89.82,19.96,31.11,91.21,0.5,262.19
2026-08-08 10:00:00+00:00,2341.11,238.03,37.66,34.49,50.74,2.79,459.87
2026-08-08 11:00:00+00:00,2285.34,228.92,18.03,30.64,59.96,0.5,526.31
2026-08-08 12:00:00+00:00,2625.02,197.86,67.19,34.22,67.24,5.12,473.39
2026-08-08 13:00:00+00:00,2574.61,356.74,35.87,32.43,32.16,3.33,711.28
2026-08-08 14:00:00+00:00,2561.1,238.8,30.63,33.46,47.06,3.48,541.03
2026-08-08 15:00:00+00:00,2384.08,236.61,29.43,29.8,43.54,6.16,437.43
2026-08-08 16:00:00+00:00,2354.7,176.55,7.41,30.05,42.48,0.5,293.26
2026-08-08 17:00:00+00:00,2148.57,78.15,49.11,30.95,38.74,5.33,163.31
2026-08-08 18:00:00+00:00,2072.43,8.16,31.18,30.62,55.7,4.18,0.0
2026-08-08 19:00:00+00:00,1835.72,0.0,38.44,25.39,41.9,3.61,0.0
2026-08-08 20:00:00+00:00,1624.79,0.0,48.81,28.78,47.64,3.74,0.0
2026-08-08 21:00:00+00:00,1494.37,0.0,105.69,25.03,38.51,9.95,0.0
2026-08-08 22:00:00+00:00,1208.5,0.0,90.12,25.24,27.65,10.05,0.0
2026-08-08 23:00:00+00:00,1232.67,0.0,90.64,26.24,61.66,9.13,0.0
2026-08-09 00:00:00+00:00,1136.14,0.0,96.48,28.13,100.0,9.38,0.0
2026-08-09 01:00:00+00:00,1103.71,0.0,106.28,25.35,50.68,6.83,0.0
2026-08-09 02:00:00+00:00,1235.16,0.0,72.91,28.18,55.12,5.18,0.0
2026-08-09 03:00:00+00:00,1002.03,0.0,131.2,23.72,71.29,9.17,0.0
2026-08-09 04:00:00+00:00,1237.6,0.0,94.75,26.14,74.01,5.47,0.0
2026-08-09 05:00:00+00:00,1336.81,0.0,66.17,25.61,72.62,3.55,0.0
2026-08-09 06:00:00+00:00,1717.86,0.0,78.09,28.69,78.84,3.93,0.0
2026-08-09 07:00:00+00:00,1791.97,26.53,37.36,31.59,77.39,2.85,88.26
2026-08-09 08:00:00+00:00,2024.0,121.13,28.1,31.78,72.73,1.4,252.09
2026-08-09 09:00:00+00:00,2166.77,153.32,71.12,33.43,67.76,4.84,310.29
2026-08-09 10:00:00+00:00,2256.57,207.65,48.64,33.31,67.02,3.19,425.89
2026-08-09 11:00:00+00:00,2382.21,269.18,22.33,31.61,50.98,0.5,574.95
2026-08-09 12:00:00+00:00,2462.95,230.51,60.74,31.58,60.6,6.37,568.74
2026-08-09 13:00:00+00:00,2494.66,346.11,0.0,32.52,35.81,0.66,651.99
2026-08-09 14:00:00+00:00,2484.67,264.09,22.62,31.62,40.1,2.01,626.12
2026-08-09 15:00:00+00:00,2328.27,252.93,6.07,32.66,37.52,0.5,529.97
2026-08-09 16:00:00+00:00,2379.98,110.09,35.55,31.71,62.61,4.62,245.4
2026-08-09 17:00:00+00:00,1988.81,115.29,21.38,27.66,20.01,4.33,212.9
2026-08-09 18:00:00+00:00,1891.15,19.03,18.36,30.23,29.72,2.75,2.27
2026-08-09 19:00:00+00:00,1681.87,0.0,29.84,26.08,44.39,3.77,0.0
2026-08-09 20:00:00+00:00,1651.01,0.0,47.43,24.66,20.51,8.17,0.0
2026-08-09 21:00:00+00:00,1517.48,0.0,82.58,25.38,25.84,10.67,0.0
2026-08-09 22:00:00+00:00,1312.56,0.0,61.84,27.17,22.16,6.25,0.0
2026-08-09 23:00:00+00:00,1183.02,0.0,80.58,26.16,49.84,8.05,0.0
2026-08-10 00:00:00+00:00,1343.13,0.0,91.13,25.64,53.48,8.82,0.0
2026-08-10 01:00:00+00:00,1312.19,0.0,136.39,24.79,59.87,10.84,0.0
2026-08-10 02:00:00+00:00,1342.19,0.0,138.03,26.62,40.45,10.22,0.0
2026-08-10 03:00:00+00:00,1391.0,0.0,149.69,26.03,52.7,9.74,0.0
2026-08-10 04:00:00+00:00,1556.27,0.0,94.64,27.14,51.88,6.89,0.0
2026-08-10 05:00:00+00:00,1702.85,0.0,102.17,26.66,63.8,6.04,0.0
2026-08-10 06:00:00+00:00,1935.77,6.89,99.46,30.29,47.31,4.32,20.0
2026-08-10 07:00:00+00:00,2082.35,52.25,63.61,30.5,81.45,3.61,76.66
2026-08-10 08:00:00+00:00,2385.85,138.08,33.97,31.39,59.78,2.75,265.28
2026-08-10 09:00:00+00:00,2669.71,197.48,59.81,32.96,50.85,3.82,414.92
2026-08-10 10:00:00+00:00,2677.44,266.24,43.08,33.52,44.39,2.26,540.76
2026-08-10 11:00:00+00:00,2867.59,210.71,41.68,32.22,62.38,2.73,465.91
2026-08-10 12:00:00+00:00,2984.75,279.04,0.0,32.52,50.13,0.5,602.92
2026-08-10 13:00:00+00:00,2999.22,278.85,3.75,33.8,53.31,0.5,620.82
2026-08-10 14:00:00+00:00,2855.24,246.7,3.91,29.83,52.62,1.27,522.31
2026-08-10 15:00:00+00:00,2970.18,309.14,59.08,33.12,21.57,7.37,612.03
2026-08-10 16:00:00+00:00,2794.0,175.43,0.0,32.53,35.57,0.5,388.4
2026-08-10 17:00:00+00:00,2522.95,107.92,27.53,28.7,8.19,6.11,172.11
2026-08-10 18:00:00+00:00,2246.47,0.0,22.67,28.64,29.99,6.68,0.0
2026-08-10 19:00:00+00:00,2034.09,0.0,37.78,28.98,66.77,5.96,0.0
2026-08-10 20:00:00+00:00,1891.92,0.0,45.49,27.59,29.29,6.98,0.0
2026-08-10 21:00:00+00:00,1736.14,0.0,37.3,25.49,43.79,5.17,0.0
2026-08-10 22:00:00+00:00,1607.9,0.0,48.65,26.48,63.26,7.26,0.0
2026-08-10 23:00:00+00:00,1250.38,0.0,120.86,25.58,46.53,11.74,0.0
2026-08-11 00:00:00+00:00,1353.8,0.0,90.21,28.44,38.22,7.57,0.0
2026-08-11 01:00:00+00:00,1271.2,0.0,129.37,28.61,60.61,10.55,0.0
2026-08-11 02:00:00+00:00,1296.39,0.0,114.62,25.92,40.11,8.57,0.0
2026-08-11 03:00:00+00:00,1368.91,0.0,143.28,27.01,43.45,8.66,0.0
2026-08-11 04:00:00+00:00,1593.83,0.0,110.82,25.67,72.47,6.86,0.0
2026-08-11 05:00:00+00:00,1763.16,0.0,99.3,23.76,79.62,5.6,0.0
2026-08-11 06:00:00+00:00,1967.86,0.0,115.41,27.1,51.28,6.31,0.0
2026-08-11 07:00:00+00:00,2198.23,54.39,62.64,30.19,68.81,3.48,133.06
2026-08-11 08:00:00+00:00,2325.81,118.09,104.11,30.83,64.86,6.95,291.47
2026-08-11 09:00:00+00:00,2434.26,175.97,68.74,31.53,65.25,4.58,382.05
2026-08-11 10:00:00+00:00,2739.0,164.71,89.44,31.11,77.55,5.33,384.4
2026-08-11 11:00:00+00:00,2814.75,330.81,84.39,34.18,33.97,6.12,704.45
2026-08-11 12:00:00+00:00,2826.05,276.83,35.35,32.84,54.95,3.49,553.31
2026-08-11 13:00:00+00:00,2998.07,366.63,4.89,33.31,25.97,1.6,740.28
2026-08-11 14:00:00+00:00,2935.74,271.82,31.5,32.61,50.92,3.21,499.49
2026-08-11 15:00:00+00:00,2795.2,225.11,57.61,29.34,42.44,6.97,417.71
2026-08-11 16:00:00+00:00,2672.01,132.02,20.23,31.05,54.11,3.67,325.99
2026-08-11 17:00:00+00:00,2554.94,80.46,54.52,26.83,39.65,8.33,185.11
2026-08-11 18:00:00+00:00,2309.87,3.15,45.64,29.73,65.13,7.98,24.16
2026-08-11 19:00:00+00:00,2076.64,0.0,25.48,24.09,18.61,5.88,0.0
2026-08-11 20:00:00+00:00,1863.33,0.0,27.27,26.2,32.23,4.15,0.0
2026-08-11 21:00:00+00:00,1541.14,0.0,26.99,25.33,53.29,3.32,0.0
2026-08-11 22:00:00+00:00,1460.88,0.0,59.69,26.4,48.56,6.52,0.0
2026-08-11 23:00:00+00:00,1402.92,0.0,99.95,25.6,69.38,7.25,0.0
2026-08-12 00:00:00+00:00,1385.77,0.0,111.31,25.94,58.34,9.29,0.0
2026-08-12 01:00:00+00:00,1326.04,0.0,107.72,26.52,55.39,6.75,0.0
2026-08-12 02:00:00+00:00,1257.73,0.0,129.28,28.05,62.06,9.31,0.0
2026-08-12 03:00:00+00:00,1368.49,0.0,106.64,27.65,82.91,5.58,0.0
2026-08-12 04:00:00+00:00,1554.01,0.0,107.54,26.37,90.34,6.91,0.0
2026-08-12 05:00:00+00:00,1671.8,0.0,70.29,27.64,84.86,3.71,0.0
2026-08-12 06:00:00+00:00,1856.97,3.19,104.9,28.04,57.6,7.02,33.1
2026-08-12 07:00:00+00:00,2042.72,41.88,75.26,28.18,66.35,4.29,100.89
2026-08-12 08:00:00+00:00,2162.84,150.86,24.39,27.78,47.82,0.5,319.12
2026-08-12 09:00:00+00:00,2468.69,253.1,65.12,34.28,33.52,3.48,464.52
2026-08-12 10:00:00+00:00,2657.35,251.88,54.79,33.46,46.77,3.81,469.07
2026-08-12 11:00:00+00:00,2877.37,276.88,19.87,32.76,51.76,1.75,570.03
2026-08-12 12:00:00+00:00,3023.19,223.49,28.41,33.83,62.39,0.89,523.87
2026-08-12 13:00:00+00:00,2875.5,310.69,1.48,31.05,40.94,0.5,697.72
2026-08-12 14:00:00+00:00,2917.87,297.7,29.97,32.7,37.57,2.14,478.31
2026-08-12 15:00:00+00:00,2910.15,237.2,24.83,33.73,36.58,4.51,448.16
2026-08-12 16:00:00+00:00,2612.57,144.85,21.81,30.45,58.02,3.86,320.84
2026-08-12 17:00:00+00:00,2440.87,100.81,55.24,29.86,38.76,5.55,180.27
2026-08-12 18:00:00+00:00,2296.57,8.34,35.43,27.35,7.47,6.0,0.0
2026-08-12 19:00:00+00:00,2102.41,0.0,47.23,25.83,34.01,8.72,0.0
2026-08-12 20:00:00+00:00,1767.96,0.0,37.47,24.44,39.1,4.24,0.0
2026-08-12 21:00:00+00:00,1715.05,0.0,68.7,27.26,33.87,7.71,0.0
2026-08-12 22:00:00+00:00,1575.75,0.0,61.14,27.14,3.41,7.12,0.0
2026-08-12 23:00:00+00:00,1527.81,0.0,94.87,26.28,57.38,8.06,0.0
2026-08-13 00:00:00+00:00,1301.14,0.0,13.29,26.03,47.03,2.3,0.0
2026-08-13 01:00:00+00:00,1411.73,0.0,120.14,26.54,56.18,9.29,0.0
2026-08-13 02:00:00+00:00,1282.29,0.0,66.79,29.62,60.99,4.98,0.0
2026-08-13 03:00:00+00:00,1394.3,0.0,94.72,27.09,46.4,6.53,0.0
2026-08-13 04:00:00+00:00,1507.83,0.0,153.33,27.42,72.61,8.83,0.0
2026-08-13 05:00:00+00:00,1700.74,0.0,67.27,24.16,43.66,3.35,0.0
2026-08-13 06:00:00+00:00,1854.73,0.0,62.68,27.3,57.85,4.57,17.18
2026-08-13 07:00:00+00:00,2198.89,32.04,86.87,28.64,82.15,4.41,83.17
2026-08-13 08:00:00+00:00,2380.17,112.16,17.61,32.81,63.83,0.5,327.19
2026-08-13 09:00:00+00:00,2447.01,127.05,23.39,32.79,80.27,1.55,305.39
2026-08-13 10:00:00+00:00,2773.24,255.79,21.35,32.95,55.3,1.9,466.0
2026-08-13 11:00:00+00:00,2746.64,228.3,6.07,33.86,60.37,2.12,473.69
2026-08-13 12:00:00+00:00,2806.56,268.65,42.34,35.32,55.52,1.94,501.2
2026-08-13 13:00:00+00:00,3026.95,240.02,4.95,31.98,59.07,1.14,528.62
2026-08-13 14:00:00+00:00,3055.18,281.29,46.37,34.66,43.18,4.58,534.48
2026-08-13 15:00:00+00:00,2898.63,256.78,8.41,31.94,31.81,2.88,488.15
2026-08-13 16:00:00+00:00,2689.69,228.91,34.1,28.18,11.11,4.74,382.13
2026-08-13 17:00:00+00:00,2536.33,113.16,20.28,30.15,37.89,0.5,164.4
2026-08-13 18:00:00+00:00,2388.08,5.26,14.11,26.16,29.75,1.87,45.6
2026-08-13 19:00:00+00:00,2136.53,0.0,51.84,28.27,53.68,8.09,0.0
2026-08-13 20:00:00+00:00,1864.84,0.0,56.22,27.35,49.25,6.12,0.0
2026-08-13 21:00:00+00:00,1728.07,0.0,58.49,28.7,28.15,6.59,0.0
2026-08-13 22:00:00+00:00,1576.83,0.0,94.98,25.42,70.75,8.44,0.0
2026-08-13 23:00:00+00:00,1393.39,0.0,41.03,25.53,44.79,5.39,0.0
2026-08-14 00:00:00+00:00,1319.23,0.0,94.48,27.3,56.3,7.45,0.0
2026-08-14 01:00:00+00:00,1157.42,0.0,127.34,24.47,56.94,9.3,0.0
2026-08-14 02:00:00+00:00,1441.76,0.0,63.11,23.66,55.74,5.27,0.0
2026-08-14 03:00:00+00:00,1286.81,0.0,100.94,23.7,62.61,6.29,0.0
2026-08-14 04:00:00+00:00,1598.49,0.0,98.53,23.19,47.45,5.35,0.0
2026-08-14 05:00:00+00:00,1731.27,0.0,29.91,27.83,62.19,0.92,0.0
2026-08-14 06:00:00+00:00,2048.04,0.0,32.2,30.03,71.94,2.62,0.0
2026-08-14 07:00:00+00:00,2150.14,61.11,19.23,30.88,58.02,1.86,188.67
2026-08-14 08:00:00+00:00,2321.58,111.84,115.16,33.75,62.62,6.29,288.94
2026-08-14 09:00:00+00:00,2475.91,261.86,46.98,33.9,32.45,3.98,495.07
2026-08-14 10:00:00+00:00,2611.53,292.34,24.8,31.81,45.52,1.4,540.73
2026-08-14 11:00:00+00:00,2832.03,273.09,20.22,35.7,51.48,1.0,623.72
2026-08-14 12:00:00+00:00,2963.73,266.71,35.84,31.32,60.67,3.17,574.06
2026-08-14 13:00:00+00:00,2970.88,194.35,7.08,31.71,77.77,0.5,375.83
2026-08-14 14:00:00+00:00,2995.24,364.47,0.08,34.0,12.56,1.4,657.93
2026-08-14 15:00:00+00:00,2873.08,187.33,9.87,32.48,55.32,2.56,418.8
2026-08-14 16:00:00+00:00,2595.05,164.09,38.78,31.52,46.21,5.29,320.74
2026-08-14 17:00:00+00:00,2386.55,80.98,16.15,28.75,31.09,2.84,211.32
2026-08-14 18:00:00+00:00,2423.95,0.0,0.0,30.6,50.81,1.72,40.54
2026-08-14 19:00:00+00:00,2030.33,0.0,78.77,26.07,52.35,8.96,0.0
2026-08-14 20:00:00+00:00,1985.13,0.0,54.55,22.83,31.49,5.67,0.0
2026-08-14 21:00:00+00:00,1740.72,0.0,55.22,27.61,19.14,8.85,0.0
2026-08-14 22:00:00+00:00,1431.5,0.0,64.27,23.08,58.07,7.24,0.0
2026-08-14 23:00:00+00:00,1558.02,0.0,59.77,26.72,44.87,4.79,0.0
2026-08-15 00:00:00+00:00,1037.8,0.0,104.95,25.64,45.57,8.72,0.0
2026-08-15 01:00:00+00:00,1015.55,0.0,88.53,24.15,52.82,5.56,0.0
2026-08-15 02:00:00+00:00,1080.41,0.0,55.26,26.24,60.61,3.58,0.0
2026-08-15 03:00:00+00:00,1225.43,0.0,127.4,26.44,28.3,7.54,0.0
2026-08-15 04:00:00+00:00,1216.4,0.0,79.46,25.16,29.36,4.51,0.0
2026-08-15 05:00:00+00:00,1445.58,0.0,151.29,22.07,57.76,8.63,0.0
2026-08-15 06:00:00+00:00,1617.26,0.0,132.25,25.68,40.97,7.87,3.04
2026-08-15 07:00:00+00:00,1734.2,2.66,142.83,27.72,82.29,9.68,119.66
2026-08-15 08:00:00+00:00,2124.28,147.94,40.08,32.98,47.55,2.76,327.0
2026-08-15 09:00:00+00:00,2166.68,234.7,30.7,31.79,51.19,1.73,431.56
2026-08-15 10:00:00+00:00,2360.53,293.84,49.41,34.2,41.43,3.45,542.45
2026-08-15 11:00:00+00:00,2613.79,158.34,71.47,36.59,75.3,4.46,455.85
2026-08-15 12:00:00+00:00,2374.45,319.25,37.41,31.66,41.53,3.12,687.79
2026-08-15 13:00:00+00:00,2446.65,226.35,89.83,32.7,58.93,8.97,540.39
2026-08-15 14:00:00+00:00,2616.64,243.32,29.11,31.07,49.51,3.31,508.25
2026-08-15 15:00:00+00:00,2497.6,188.09,53.36,32.64,52.77,5.43,425.35
2026-08-15 16:00:00+00:00,2361.75,85.85,8.59,32.0,59.7,0.5,243.68
2026-08-15 17:00:00+00:00,2098.75,93.05,16.17,31.03,26.87,3.36,158.99
2026-08-15 18:00:00+00:00,1929.46,5.16,23.79,27.04,30.93,4.43,56.22
2026-08-15 19:00:00+00:00,1688.44,0.0,19.84,25.26,9.95,2.63,0.0
2026-08-15 20:00:00+00:00,1499.65,0.0,36.99,27.76,10.21,5.4,0.0
2026-08-15 21:00:00+00:00,1561.42,0.0,61.71,27.76,32.69,7.03,0.0
2026-08-15 22:00:00+00:00,1337.81,0.0,59.63,25.01,44.88,5.94,0.0
2026-08-15 23:00:00+00:00,1239.68,0.0,87.79,24.1,48.74,7.66,0.0
2026-08-16 00:00:00+00:00,1058.33,0.0,101.91,26.84,45.45,9.87,0.0
2026-08-16 01:00:00+00:00,1136.82,0.0,61.35,21.33,52.83,6.25,0.0
2026-08-16 02:00:00+00:00,1160.91,0.0,72.89,25.15,64.55,5.54,0.0
2026-08-16 03:00:00+00:00,1203.5,0.0,129.09,26.07,69.53,9.03,0.0
2026-08-16 04:00:00+00:00,1289.92,0.0,67.45,25.43,72.54,4.46,0.0
2026-08-16 05:00:00+00:00,1486.66,0.0,43.83,25.96,49.35,2.07,0.0
2026-08-16 06:00:00+00:00,1575.67,0.0,120.25,25.43,70.53,7.17,17.88
2026-08-16 07:00:00+00:00,1818.82,65.38,65.74,29.78,65.93,3.86,98.08
2026-08-16 08:00:00+00:00,1914.06,82.93,48.35,30.79,88.18,2.25,223.91
2026-08-16 09:00:00+00:00,2113.29,118.58,67.25,31.22,85.52,3.82,247.24
2026-08-16 10:00:00+00:00,2467.39,236.57,39.18,30.86,55.41,2.81,476.27
2026-08-16 11:00:00+00:00,2408.63,303.89,69.06,34.74,48.4,4.12,538.77
2026-08-16 12:00:00+00:00,2449.73,360.43,31.13,31.96,36.65,3.13,661.39
2026-08-16 13:00:00+00:00,2441.24,355.02,38.41,30.0,26.6,2.12,659.26
2026-08-16 14:00:00+00:00,2502.54,363.98,22.06,35.7,26.63,2.92,612.25
2026-08-16 15:00:00+00:00,2356.86,278.46,35.44,31.23,25.26,5.17,431.35
2026-08-16 16:00:00+00:00,2180.69,154.66,6.46,31.91,55.04,0.68,347.68
2026-08-16 17:00:00+00:00,2051.39,94.23,20.71,28.66,29.37,4.16,193.58
2026-08-16 18:00:00+00:00,1995.59,1.81,37.74,26.3,22.74,2.7,0.0
2026-08-16 19:00:00+00:00,1850.25,0.0,46.75,22.8,42.55,5.79,0.0
2026-08-16 20:00:00+00:00,1658.1,0.0,17.98,25.87,39.6,5.01,0.0
2026-08-16 21:00:00+00:00,1426.4,0.0,48.39,27.28,39.05,6.15,0.0
2026-08-16 22:00:00+00:00,1258.94,0.0,98.31,28.07,91.0,10.04,0.0
2026-08-16 23:00:00+00:00,1191.04,0.0,63.84,27.13,32.24,5.38,0.0
2026-08-17 00:00:00+00:00,1330.6,0.0,120.86,23.67,39.19,9.15,0.0
2026-08-17 01:00:00+00:00,1137.67,0.0,61.9,23.97,89.16,4.82,0.0
2026-08-17 02:00:00+00:00,1311.6,0.0,97.13,24.39,56.92,7.45,0.0
2026-08-17 03:00:00+00:00,1392.75,0.0,132.17,26.74,55.85,9.33,0.0
2026-08-17 04:00:00+00:00,1426.32,0.0,68.65,23.56,60.41,3.96,0.0
2026-08-17 05:00:00+00:00,1696.49,0.0,90.21,23.42,85.67,6.1,0.0
2026-08-17 06:00:00+00:00,1758.32,0.0,49.26,29.24,64.96,3.63,5.99
2026-08-17 07:00:00+00:00,2145.97,58.21,94.85,29.91,64.44,6.32,105.27
2026-08-17 08:00:00+00:00,2314.22,118.53,31.74,31.17,62.0,2.24,265.26
2026-08-17 09:00:00+00:00,2480.74,182.7,21.21,29.67,61.73,1.27,343.9
2026-08-17 10:00:00+00:00,2753.83,228.34,37.89,31.62,48.93,3.67,453.27
2026-08-17 11:00:00+00:00,2853.57,107.16,72.3,32.15,86.43,5.46,389.59
2026-08-17 12:00:00+00:00,2976.28,313.67,27.7,32.27,37.75,2.31,659.37
2026-08-17 13:00:00+00:00,2937.16,318.9,21.52,31.6,39.97,2.71,604.15
2026-08-17 14:00:00+00:00,2876.21,278.85,23.84,31.71,40.18,0.87,570.85
2026-08-17 15:00:00+00:00,2791.61,249.6,13.31,32.25,33.65,3.17,462.82
2026-08-17 16:00:00+00:00,2919.99,178.76,0.0,31.17,29.43,2.79,344.66
2026-08-17 17:00:00+00:00,2602.32,89.96,45.26,26.98,46.9,6.9,139.65
2026-08-17 18:00:00+00:00,2252.91,0.0,64.85,27.7,37.71,6.75,11.92
2026-08-17 19:00:00+00:00,2121.87,0.0,47.96,26.47,48.55,6.86,0.0
2026-08-17 20:00:00+00:00,1837.44,0.0,55.42,27.44,47.79,7.03,0.0
2026-08-17 21:00:00+00:00,1576.88,0.0,107.16,25.99,34.77,12.48,0.0
2026-08-17 22:00:00+00:00,1457.33,0.0,102.76,24.8,44.47,12.74,0.0
2026-08-17 23:00:00+00:00,1364.42,0.0,106.8,26.06,33.41,9.67,0.0
2026-08-18 00:00:00+00:00,1201.78,0.0,103.17,24.07,22.9,7.54,0.0
2026-08-18 01:00:00+00:00,1253.09,0.0,97.9,23.77,38.32,8.73,0.0
2026-08-18 02:00:00+00:00,1310.52,0.0,109.18,29.12,42.48,7.21,0.0
2026-08-18 03:00:00+00:00,1389.03,0.0,105.84,26.75,48.2,6.47,0.0
2026-08-18 04:00:00+00:00,1533.61,0.0,68.09,24.31,93.26,4.98,0.0
2026-08-18 05:00:00+00:00,1666.86,0.0,53.48,24.11,51.37,3.84,0.0
2026-08-18 06:00:00+00:00,1972.37,3.22,52.54,29.1,53.26,3.21,0.0
2026-08-18 07:00:00+00:00,2142.45,65.42,21.85,27.21,47.35,1.67,198.61
2026-08-18 08:00:00+00:00,2473.55,165.21,83.81,29.32,49.7,4.42,292.27
2026-08-18 09:00:00+00:00,2669.48,199.73,64.56,32.6,54.27,4.07,395.7
2026-08-18 10:00:00+00:00,2689.53,110.24,0.0,32.58,83.6,0.5,400.15
2026-08-18 11:00:00+00:00,2889.78,216.56,3.8,30.41,63.69,0.5,505.29
2026-08-18 12:00:00+00:00,2868.16,306.76,82.97,31.11,44.17,7.15,658.29
2026-08-18 13:00:00+00:00,2869.62,328.21,21.12,33.09,39.83,3.16,609.88
2026-08-18 14:00:00+00:00,2790.21,290.83,2.1,33.49,42.29,0.5,562.98
2026-08-18 15:00:00+00:00,2798.02,171.82,24.42,34.37,55.46,0.76,340.46
2026-08-18 16:00:00+00:00,2671.27,160.33,24.61,30.55,51.01,2.93,291.58
2026-08-18 17:00:00+00:00,2273.64,74.38,25.88,27.77,59.85,3.64,126.33
2026-08-18 18:00:00+00:00,2344.11,9.59,23.35,28.21,28.96,3.85,0.0
2026-08-18 19:00:00+00:00,2115.87,0.0,19.01,27.48,34.33,4.77,0.0
2026-08-18 20:00:00+00:00,1731.45,0.0,30.86,26.41,13.88,4.44,0.0
2026-08-18 21:00:00+00:00,1888.19,0.0,72.41,28.48,37.64,8.41,0.0
2026-08-18 22:00:00+00:00,1483.68,0.0,64.08,24.91,33.09,7.6,0.0
2026-08-18 23:00:00+00:00,1341.73,0.0,43.12,27.54,61.51,4.6,0.0
2026-08-19 00:00:00+00:00,1290.01,0.0,135.84,26.93,67.15,13.4,0.0
2026-08-19 01:00:00+00:00,1266.8,0.0,72.49,26.91,43.65,7.62,0.0
2026-08-19 02:00:00+00:00,1327.7,0.0,131.11,26.22,54.76,10.14,0.0
2026-08-19 03:00:00+00:00,1458.02,0.0,68.97,25.64,29.24,4.7,0.0
2026-08-19 04:00:00+00:00,1496.27,0.0,105.78,27.42,33.49,6.02,0.0
2026-08-19 05:00:00+00:00,1670.55,0.0,159.5,27.04,74.12,8.86,0.0
2026-08-19 06:00:00+00:00,1938.77,1.52,119.14,26.47,48.79,6.51,0.0
2026-08-19 07:00:00+00:00,2043.5,66.07,86.18,29.24,65.33,5.24,111.61
2026-08-19 08:00:00+00:00,2269.29,95.75,106.58,29.92,61.75,6.69,251.46
2026-08-19 09:00:00+00:00,2596.79,154.73,56.9,32.55,73.15,3.1,354.72
2026-08-19 10:00:00+00:00,2798.89,258.26,19.9,34.72,54.95,0.5,513.78
2026-08-19 11:00:00+00:00,2904.17,220.4,35.29,35.78,63.18,2.56,461.62
2026-08-19 12:00:00+00:00,2701.6,265.03,33.09,33.11,57.08,1.81,585.59
2026-08-19 13:00:00+00:00,2985.23,261.11,56.73,35.67,57.1,5.47,543.49
2026-08-19 14:00:00+00:00,2891.48,302.14,0.0,31.19,34.77,0.5,614.6
2026-08-19 15:00:00+00:00,2904.06,182.37,10.5,32.33,51.1,0.62,380.97
2026-08-19 16:00:00+00:00,2890.2,87.28,31.86,32.96,61.3,4.98,287.37
2026-08-19 17:00:00+00:00,2519.52,92.45,40.6,30.6,30.45,6.7,184.47
2026-08-19 18:00:00+00:00,2359.31,16.49,11.72,27.21,39.07,3.45,28.6
2026-08-19 19:00:00+00:00,2201.3,0.0,73.59,23.48,35.45,11.57,0.0
2026-08-19 20:00:00+00:00,2002.51,0.0,25.93,26.67,47.92,3.76,0.0
2026-08-19 21:00:00+00:00,1639.59,0.0,59.45,25.9,39.75,9.41,0.0
2026-08-19 22:00:00+00:00,1629.26,0.0,69.92,26.52,11.85,7.0,0.0
2026-08-19 23:00:00+00:00,1360.12,0.0,128.45,27.6,55.42,12.72,0.0
2026-08-20 00:00:00+00:00,1464.77,0.0,86.59,25.35,64.35,7.88,0.0
2026-08-20 01:00:00+00:00,1343.4,0.0,104.13,28.11,62.78,7.83,0.0
2026-08-20 02:00:00+00:00,1300.45,0.0,70.93,26.54,54.4,6.19,0.0
2026-08-20 03:00:00+00:00,1459.02,0.0,110.04,27.27,42.08,6.69,0.0
2026-08-20 04:00:00+00:00,1538.48,0.0,132.13,23.34,61.61,7.42,0.0
2026-08-20 05:00:00+00:00,1657.03,0.0,104.44,24.77,33.75,7.4,0.0
2026-08-20 06:00:00+00:00,1825.91,1.31,29.03,27.76,83.46,2.47,70.08
2026-08-20 07:00:00+00:00,2060.37,54.61,30.22,29.36,62.48,1.24,220.68
2026-08-20 08:00:00+00:00,2204.9,97.09,1.21,33.22,79.89,1.1,216.76
2026-08-20 09:00:00+00:00,2626.52,185.98,63.74,30.33,60.56,3.77,371.64
2026-08-20 10:00:00+00:00,2834.79,141.24,21.59,30.49,82.99,0.8,400.32
2026-08-20 11:00:00+00:00,2695.24,273.47,30.45,28.21,50.96,4.31,601.74
2026-08-20 12:00:00+00:00,2889.12,417.19,47.54,33.62,21.75,4.26,804.98
2026-08-20 13:00:00+00:00,2801.53,364.78,32.61,33.19,28.91,3.35,652.56
2026-08-20 14:00:00+00:00,2932.49,317.77,66.62,32.74,32.76,6.17,614.03
2026-08-20 15:00:00+00:00,2685.9,216.81,33.4,32.4,46.02,4.35,386.4
2026-08-20 16:00:00+00:00,2685.41,152.16,38.08,31.37,37.31,4.66,300.7
2026-08-20 17:00:00+00:00,2571.59,88.89,0.0,26.48,40.74,1.29,158.17
2026-08-20 18:00:00+00:00,2351.88,6.61,16.76,26.99,12.48,1.61,3.53
2026-08-20 19:00:00+00:00,2064.79,0.0,11.61,25.98,31.41,3.63,0.0
2026-08-20 20:00:00+00:00,2138.12,0.0,32.5,24.73,38.34,6.26,0.0
2026-08-20 21:00:00+00:00,1672.23,0.0,60.05,25.81,18.04,6.35,0.0
2026-08-20 22:00:00+00:00,1422.23,0.0,55.24,25.33,39.63,6.74,0.0
2026-08-20 23:00:00+00:00,1388.41,0.0,90.99,25.43,47.23,9.02,0.0
2026-08-21 00:00:00+00:00,1387.03,0.0,90.26,23.39,58.1,6.61,0.0
2026-08-21 01:00:00+00:00,1327.9,0.0,98.77,25.69,38.53,7.86,0.0
2026-08-21 02:00:00+00:00,1299.56,0.0,105.2,25.13,65.95,8.59,0.0
2026-08-21 03:00:00+00:00,1419.27,0.0,95.89,26.66,49.1,7.55,0.0
2026-08-21 04:00:00+00:00,1543.7,0.0,104.59,26.09,70.71,7.77,0.0
2026-08-21 05:00:00+00:00,1636.98,0.0,57.9,27.89,70.65,3.37,0.0
2026-08-21 06:00:00+00:00,1809.55,0.0,101.88,28.99,57.68,6.65,0.0
2026-08-21 07:00:00+00:00,2105.2,33.68,61.78,31.53,95.36,4.69,65.7
2026-08-21 08:00:00+00:00,2308.11,78.18,16.28,29.61,84.51,1.41,173.99
2026-08-21 09:00:00+00:00,2521.05,171.03,97.91,31.62,69.73,6.8,336.79
2026-08-21 10:00:00+00:00,2662.67,190.26,63.94,30.32,61.25,4.55,471.97
2026-08-21 11:00:00+00:00,2806.78,344.33,25.34,34.65,35.37,1.61,652.72
2026-08-21 12:00:00+00:00,2886.59,380.29,24.68,33.62,35.35,0.5,695.78
2026-08-21 13:00:00+00:00,3047.49,348.79,46.41,35.79,32.02,3.24,709.91
2026-08-21 14:00:00+00:00,2886.46,279.69,6.93,32.3,44.42,0.5,567.94
2026-08-21 15:00:00+00:00,2703.1,248.04,28.11,31.78,38.71,4.45,466.21
2026-08-21 16:00:00+00:00,2495.07,199.09,41.53,28.49,21.68,4.07,382.08
2026-08-21 17:00:00+00:00,2581.74,52.2,60.47,28.59,33.03,6.31,205.51
2026-08-21 18:00:00+00:00,2307.63,0.0,29.44,28.93,71.92,3.44,0.0
2026-08-21 19:00:00+00:00,2141.82,0.0,33.64,27.58,34.2,5.3,0.0
2026-08-21 20:00:00+00:00,1979.66,0.0,64.49,25.46,52.57,9.02,0.0
2026-08-21 21:00:00+00:00,1689.62,0.0,38.87,22.76,37.17,5.61,0.0
2026-08-21 22:00:00+00:00,1632.13,0.0,36.47,25.94,26.91,5.04,0.0
2026-08-21 23:00:00+00:00,1470.77,0.0,103.92,25.97,60.44,9.73,0.0
2026-08-22 00:00:00+00:00,981.19,0.0,97.97,27.03,70.6,8.85,0.0
2026-08-22 01:00:00+00:00,1099.95,0.0,145.21,26.99,44.48,11.14,0.0
2026-08-22 02:00:00+00:00,1200.1,0.0,97.91,27.63,54.76,7.95,0.0
2026-08-22 03:00:00+00:00,1313.49,0.0,94.5,25.51,73.04,7.25,0.0
2026-08-22 04:00:00+00:00,1288.71,0.0,135.68,23.41,74.54,8.23,0.0
2026-08-22 05:00:00+00:00,1460.18,0.0,81.01,27.06,52.28,4.36,0.0
2026-08-22 06:00:00+00:00,1608.31,0.0,87.68,26.19,62.03,4.51,12.54
2026-08-22 07:00:00+00:00,1826.29,69.4,23.16,28.43,60.11,1.04,118.19
2026-08-22 08:00:00+00:00,1895.98,42.97,22.32,31.27,94.31,2.0,118.5
2026-08-22 09:00:00+00:00,2320.58,114.28,74.25,31.62,79.4,5.96,314.67
2026-08-22 10:00:00+00:00,2315.43,322.18,0.83,33.85,29.92,0.89,639.55
2026-08-22 11:00:00+00:00,2315.43,193.37,31.69,32.76,68.94,2.14,444.9
2026-08-22 12:00:00+00:00,2421.88,352.03,0.0,33.46,37.99,0.5,684.65
2026-08-22 13:00:00+00:00,2495.25,293.49,53.21,31.29,48.42,6.82,611.21
2026-08-22 14:00:00+00:00,2482.09,417.59,38.22,30.59,4.84,5.86,800.12
2026-08-22 15:00:00+00:00,2250.49,178.98,24.84,31.15,66.28,3.14,338.26
2026-08-22 16:00:00+00:00,2282.42,194.23,14.7,27.81,23.15,0.94,376.61
2026-08-22 17:00:00+00:00,2079.84,60.38,13.73,29.35,51.45,3.51,244.41
2026-08-22 18:00:00+00:00,1973.93,0.0,33.45,27.63,9.21,5.59,0.0
2026-08-22 19:00:00+00:00,1772.97,0.0,17.52,26.85,70.07,3.62,0.0
2026-08-22 20:00:00+00:00,1569.96,0.0,82.27,24.64,26.29,8.15,0.0
2026-08-22 21:00:00+00:00,1380.85,0.0,59.94,26.57,24.24,6.39,0.0
2026-08-22 22:00:00+00:00,1358.8,0.0,71.13,23.48,22.39,6.41,0.0
2026-08-22 23:00:00+00:00,1259.67,0.0,68.76,28.01,54.06,7.73,0.0
2026-08-23 00:00:00+00:00,1122.95,0.0,71.06,23.14,56.55,5.99,0.0
2026-08-23 01:00:00+00:00,1120.6,0.0,119.51,26.28,67.95,9.56,0.0
2026-08-23 02:00:00+00:00,1337.62,0.0,103.9,26.07,48.56,7.21,0.0
2026-08-23 03:00:00+00:00,1256.92,0.0,146.95,26.59,50.02,9.16,0.0
2026-08-23 04:00:00+00:00,1326.82,0.0,143.52,26.23,78.5,9.04,0.0
2026-08-23 05:00:00+00:00,1440.74,0.0,54.19,27.25,50.93,4.34,0.0
2026-08-23 06:00:00+00:00,1612.15,0.0,66.94,29.15,50.56,4.06,0.0
2026-08-23 07:00:00+00:00,1616.65,64.01,39.47,29.12,57.78,2.68,175.65
2026-08-23 08:00:00+00:00,2062.2,169.2,28.16,31.04,41.18,2.5,323.4
2026-08-23 09:00:00+00:00,2135.01,130.04,34.56,30.72,73.9,0.5,320.52
2026-08-23 10:00:00+00:00,2359.84,192.36,11.77,31.62,64.25,0.87,461.42
2026-08-23 11:00:00+00:00,2201.79,361.67,46.1,31.4,36.72,4.18,639.92
2026-08-23 12:00:00+00:00,2381.71,164.59,18.36,32.54,74.61,1.72,447.42
2026-08-23 13:00:00+00:00,2367.31,285.81,13.44,33.29,50.7,1.14,576.1
2026-08-23 14:00:00+00:00,2493.64,285.77,5.0,35.2,42.61,0.52,556.48
2026-08-23 15:00:00+00:00,2380.25,321.98,37.81,29.56,14.86,3.4,614.86
2026-08-23 16:00:00+00:00,2320.4,209.57,23.92,30.81,24.79,3.89,411.84
2026-08-23 17:00:00+00:00,1937.23,93.49,27.38,28.9,33.73,4.12,215.6
2026-08-23 18:00:00+00:00,2108.9,15.15,29.42,25.85,45.08,3.55,0.0
2026-08-23 19:00:00+00:00,1849.17,0.0,59.34,26.48,33.04,9.78,0.0
2026-08-23 20:00:00+00:00,1494.69,0.0,51.15,23.81,45.51,6.39,0.0
2026-08-23 21:00:00+00:00,1396.34,0.0,71.42,25.51,47.35,8.0,0.0
2026-08-23 22:00:00+00:00,1394.65,0.0,57.08,25.16,36.01,6.53,0.0
2026-08-23 23:00:00+00:00,962.42,0.0,77.04,27.97,72.87,6.42,0.0
2026-08-24 00:00:00+00:00,1294.07,0.0,92.57,25.37,37.01,6.82,0.0
2026-08-24 01:00:00+00:00,1275.26,0.0,111.27,26.12,73.14,8.89,0.0
2026-08-24 02:00:00+00:00,1306.34,0.0,137.63,26.72,69.81,9.59,0.0
2026-08-24 03:00:00+00:00,1342.68,0.0,71.34,26.76,54.85,4.85,0.0
2026-08-24 04:00:00+00:00,1486.53,0.0,57.02,26.87,81.88,3.79,0.0
2026-08-24 05:00:00+00:00,1587.04,0.0,85.95,27.07,56.57,4.92,0.0
2026-08-24 06:00:00+00:00,1812.55,0.0,87.21,27.64,55.19,4.48,33.81
2026-08-24 07:00:00+00:00,2072.14,61.5,94.55,29.29,74.54,5.03,116.13
2026-08-24 08:00:00+00:00,2276.76,153.28,106.05,32.01,45.21,6.11,303.64
2026-08-24 09:00:00+00:00,2487.57,175.66,73.33,32.23,56.78,4.55,399.71
2026-08-24 10:00:00+00:00,2824.37,278.93,56.22,32.09,36.87,4.1,573.45
2026-08-24 11:00:00+00:00,2829.2,313.11,0.0,31.66,39.25,1.13,694.97
2026-08-24 12:00:00+00:00,2695.45,323.82,18.82,30.3,41.95,0.73,641.56
2026-08-24 13:00:00+00:00,2988.83,393.43,22.01,35.14,17.7,0.5,741.12
2026-08-24 14:00:00+00:00,2938.91,275.06,37.51,32.28,40.65,5.59,567.7
2026-08-24 15:00:00+00:00,2722.23,154.51,20.12,30.5,72.2,4.14,338.32
2026-08-24 16:00:00+00:00,2629.59,180.25,37.95,28.03,28.63,7.41,421.06
2026-08-24 17:00:00+00:00,2484.21,96.83,32.67,29.29,37.94,5.8,201.34
2026-08-24 18:00:00+00:00,2312.56,11.92,23.76,28.69,27.39,5.92,11.36
2026-08-24 19:00:00+00:00,2067.45,0.0,16.01,24.28,31.46,2.89,0.0
2026-08-24 20:00:00+00:00,1917.08,0.0,57.44,27.85,39.15,8.56,0.0
2026-08-24 21:00:00+00:00,1689.42,0.0,60.84,26.08,50.33,9.51,0.0
2026-08-24 22:00:00+00:00,1677.92,0.0,32.76,23.3,37.6,2.92,0.0
2026-08-24 23:00:00+00:00,1318.09,0.0,93.07,24.93,29.47,9.95,0.0
2026-08-25 00:00:00+00:00,1422.67,0.0,118.27,24.7,51.71,9.24,0.0
2026-08-25 01:00:00+00:00,1154.33,0.0,78.26,25.85,69.19,6.56,0.0
2026-08-25 02:00:00+00:00,1290.37,0.0,86.66,24.64,48.02,5.68,0.0
2026-08-25 03:00:00+00:00,1343.86,0.0,76.76,28.42,34.73,4.55,0.0
2026-08-25 04:00:00+00:00,1610.83,0.0,126.72,25.54,52.13,7.93,0.0
2026-08-25 05:00:00+00:00,1680.72,0.0,82.47,24.63,68.54,5.31,0.0
2026-08-25 06:00:00+00:00,1929.66,0.0,128.26,29.24,68.75,7.07,40.09
2026-08-25 07:00:00+00:00,2123.23,20.08,77.32,29.84,100.0,4.84,98.58
2026-08-25 08:00:00+00:00,2281.89,97.58,79.69,30.79,70.81,5.81,246.84
2026-08-25 09:00:00+00:00,2582.46,197.14,65.3,33.88,52.49,4.81,422.0
2026-08-25 10:00:00+00:00,2787.39,125.81,41.49,30.73,83.43,2.63,379.68
2026-08-25 11:00:00+00:00,2794.11,331.09,20.7,32.75,36.52,1.73,675.28
2026-08-25 12:00:00+00:00,2911.75,402.13,41.71,36.02,22.49,3.0,757.46
2026-08-25 13:00:00+00:00,3021.81,277.93,49.42,33.77,48.91,4.29,623.95
2026-08-25 14:00:00+00:00,2922.26,328.27,0.0,32.93,30.27,0.5,561.48
2026-08-25 15:00:00+00:00,2751.83,237.64,52.05,32.95,41.68,5.58,470.69
2026-08-25 16:00:00+00:00,2755.36,211.85,44.4,29.53,15.38,3.7,373.84
2026-08-25 17:00:00+00:00,2487.26,82.89,41.58,25.96,37.53,7.08,147.94
2026-08-25 18:00:00+00:00,2289.85,0.0,42.16,28.22,15.57,4.78,15.48
2026-08-25 19:00:00+00:00,2023.85,0.0,27.25,26.95,19.89,3.19,0.0
2026-08-25 20:00:00+00:00,1818.97,0.0,52.09,26.26,48.86,5.85,0.0
2026-08-25 21:00:00+00:00,1654.42,0.0,42.79,25.02,42.19,4.02,0.0
2026-08-25 22:00:00+00:00,1489.56,0.0,25.2,24.78,54.72,2.94,0.0
2026-08-25 23:00:00+00:00,1491.73,0.0,88.63,28.46,28.58,9.24,0.0
2026-08-26 00:00:00+00:00,1290.85,0.0,71.53,25.26,52.12,5.04,0.0
2026-08-26 01:00:00+00:00,1346.47,0.0,113.02,26.6,51.53,8.12,0.0
2026-08-26 02:00:00+00:00,1381.44,0.0,136.51,24.98,80.52,10.23,0.0
2026-08-26 03:00:00+00:00,1265.7,0.0,115.05,24.29,55.71,7.24,0.0
2026-08-26 04:00:00+00:00,1470.76,0.0,85.35,27.75,71.64,5.15,0.0
2026-08-26 05:00:00+00:00,1787.35,0.0,103.82,25.59,71.13,6.98,0.0
2026-08-26 06:00:00+00:00,1970.79,20.98,84.3,28.15,59.55,4.8,25.93
2026-08-26 07:00:00+00:00,2074.25,71.54,19.23,28.95,60.7,0.75,178.87
2026-08-26 08:00:00+00:00,2260.61,145.73,116.35,28.45,49.14,6.59,311.29
2026-08-26 09:00:00+00:00,2529.14,221.91,103.99,32.76,38.62,6.15,501.55
2026-08-26 10:00:00+00:00,2709.96,293.3,17.37,32.86,35.63,1.94,688.05
2026-08-26 11:00:00+00:00,2972.74,202.2,65.36,35.31,66.6,4.92,490.8
2026-08-26 12:00:00+00:00,2926.61,180.12,7.56,33.25,70.74,2.64,456.81
2026-08-26 13:00:00+00:00,3070.19,327.99,35.66,33.9,40.5,1.58,659.56
2026-08-26 14:00:00+00:00,2992.76,226.61,20.56,32.9,47.03,2.88,496.47
2026-08-26 15:00:00+00:00,2901.97,262.1,11.36,31.39,27.55,1.98,574.71
2026-08-26 16:00:00+00:00,2673.75,157.45,31.64,28.4,47.58,3.0,248.25
2026-08-26 17:00:00+00:00,2557.56,89.05,62.94,29.0,29.92,8.2,186.67
2026-08-26 18:00:00+00:00,2407.09,0.0,24.41,25.64,28.07,2.58,0.0
2026-08-26 19:00:00+00:00,2142.49,0.0,54.25,28.09,35.1,7.76,0.0
2026-08-26 20:00:00+00:00,1816.21,0.0,28.16,26.94,64.61,5.23,0.0
2026-08-26 21:00:00+00:00,1529.12,0.0,42.42,27.31,56.33,6.05,0.0
2026-08-26 22:00:00+00:00,1492.45,0.0,83.1,26.64,41.5,7.96,0.0
2026-08-26 23:00:00+00:00,1449.13,0.0,89.81,26.33,54.91,8.22,0.0
2026-08-27 00:00:00+00:00,1419.67,0.0,115.96,24.4,55.6,9.58,0.0
2026-08-27 01:00:00+00:00,1315.16,0.0,89.86,24.34,41.71,7.03,0.0
2026-08-27 02:00:00+00:00,1077.7,0.0,46.86,24.1,40.55,3.4,0.0
2026-08-27 03:00:00+00:00,1419.17,0.0,63.87,29.27,87.56,5.16,0.0
2026-08-27 04:00:00+00:00,1519.72,0.0,99.29,23.82,45.03,6.05,0.0
2026-08-27 05:00:00+00:00,1612.49,0.0,83.04,26.78,59.44,5.85,0.0
2026-08-27 06:00:00+00:00,1887.9,0.0,88.67,25.54,74.74,4.32,0.0
2026-08-27 07:00:00+00:00,2106.08,57.14,106.76,28.21,74.71,6.4,88.27
2026-08-27 08:00:00+00:00,2347.44,174.12,80.4,30.83,43.05,4.61,306.28
2026-08-27 09:00:00+00:00,2524.96,149.07,74.01,31.85,70.24,4.26,383.26
2026-08-27 10:00:00+00:00,2589.81,305.31,62.31,31.38,37.47,3.39,578.54
2026-08-27 11:00:00+00:00,2942.64,199.46,7.38,30.17,69.22,0.5,456.17
2026-08-27 12:00:00+00:00,3080.7,380.41,21.2,33.93,24.25,2.14,756.41
2026-08-27 13:00:00+00:00,2873.92,352.03,39.56,31.22,30.6,4.36,692.78
2026-08-27 14:00:00+00:00,2833.22,350.42,19.67,31.41,23.53,1.88,646.36
2026-08-27 15:00:00+00:00,2715.81,230.14,47.92,30.49,37.23,7.2,542.05
2026-08-27 16:00:00+00:00,2692.94,195.94,34.4,31.87,31.03,3.98,416.81
2026-08-27 17:00:00+00:00,2453.0,66.81,6.37,28.2,51.4,2.52,193.32
2026-08-27 18:00:00+00:00,2266.42,11.85,7.56,26.4,28.6,0.5,0.0
2026-08-27 19:00:00+00:00,2218.88,0.0,28.06,24.73,28.63,5.31,0.0
2026-08-27 20:00:00+00:00,1917.51,0.0,27.97,24.71,20.08,3.54,0.0
2026-08-27 21:00:00+00:00,1694.09,0.0,94.28,27.71,55.01,11.92,0.0
2026-08-27 22:00:00+00:00,1586.42,0.0,60.43,23.84,52.95,7.84,0.0
2026-08-27 23:00:00+00:00,1352.52,0.0,96.7,26.31,49.2,8.18,0.0
2026-08-28 00:00:00+00:00,1097.03,0.0,116.83,28.83,33.34,9.44,0.0
2026-08-28 01:00:00+00:00,1282.75,0.0,76.71,22.95,46.01,5.27,0.0
2026-08-28 02:00:00+00:00,1453.74,0.0,97.41,22.97,52.11,6.57,0.0
2026-08-28 03:00:00+00:00,1464.33,0.0,146.39,23.99,53.54,10.23,0.0
2026-08-28 04:00:00+00:00,1397.5,0.0,79.99,25.35,59.46,5.42,0.0
2026-08-28 05:00:00+00:00,1711.24,0.0,114.06,27.84,58.77,5.57,0.0
2026-08-28 06:00:00+00:00,1893.95,0.0,61.36,27.77,81.41,3.8,0.0
2026-08-28 07:00:00+00:00,2039.77,89.24,70.4,30.38,52.48,4.22,172.7
2026-08-28 08:00:00+00:00,2446.8,190.04,55.3,30.01,32.87,2.75,362.54
2026-08-28 09:00:00+00:00,2577.22,191.59,83.63,29.48,58.7,5.32,360.7
2026-08-28 10:00:00+00:00,2716.82,272.72,84.71,31.59,42.71,5.95,576.47
2026-08-28 11:00:00+00:00,2717.97,243.23,28.81,32.83,59.88,3.57,498.82
2026-08-28 12:00:00+00:00,2751.22,357.6,32.48,32.27,42.36,2.98,705.3
2026-08-28 13:00:00+00:00,2941.68,353.71,43.22,33.11,24.9,4.1,726.3
2026-08-28 14:00:00+00:00,2871.77,316.37,44.0,33.35,38.96,4.75,610.99
2026-08-28 15:00:00+00:00,2798.46,212.66,40.8,31.37,40.88,3.02,384.06
2026-08-28 16:00:00+00:00,2652.6,175.41,15.26,32.63,49.79,3.02,270.39
2026-08-28 17:00:00+00:00,2583.07,92.47,49.92,25.52,50.96,7.22,203.57
2026-08-28 18:00:00+00:00,2292.59,0.0,31.6,24.64,35.42,6.24,0.0
2026-08-28 19:00:00+00:00,2122.52,0.0,29.65,28.51,63.63,5.77,0.0
2026-08-28 20:00:00+00:00,1930.06,0.0,30.64,26.72,63.4,3.44,0.0
2026-08-28 21:00:00+00:00,1681.32,0.0,97.75,26.55,64.04,11.19,0.0
2026-08-28 22:00:00+00:00,1588.03,0.0,76.78,25.88,33.02,8.14,0.0
2026-08-28 23:00:00+00:00,1339.78,0.0,75.6,24.43,39.16,6.99,0.0
2026-08-29 00:00:00+00:00,1081.97,0.0,88.87,26.35,64.69,6.28,0.0
2026-08-29 01:00:00+00:00,1195.64,0.0,109.54,25.48,54.33,7.55,0.0
2026-08-29 02:00:00+00:00,1282.19,0.0,91.48,27.39,57.9,5.85,0.0
2026-08-29 03:00:00+00:00,1308.96,0.0,106.76,25.04,81.96,6.05,0.0
2026-08-29 04:00:00+00:00,1513.36,0.0,121.58,24.34,71.72,8.06,0.0
2026-08-29 05:00:00+00:00,1435.4,0.0,54.36,27.87,64.75,3.29,0.0
2026-08-29 06:00:00+00:00,1565.66,0.0,115.21,26.14,69.68,6.92,7.15
2026-08-29 07:00:00+00:00,1740.01,44.4,89.89,29.34,81.14,4.77,64.86
2026-08-29 08:00:00+00:00,1877.19,69.76,49.41,32.17,89.61,3.76,204.07
2026-08-29 09:00:00+00:00,2175.1,51.17,43.38,31.17,100.0,3.49,186.22
2026-08-29 10:00:00+00:00,2319.09,190.92,46.88,35.21,73.5,3.09,385.74
2026-08-29 11:00:00+00:00,2460.83,126.93,39.46,27.93,90.2,2.47,356.9
2026-08-29 12:00:00+00:00,2421.32,357.61,42.08,32.09,31.55,2.56,753.63
2026-08-29 13:00:00+00:00,2367.12,314.05,16.37,31.87,39.96,1.36,635.8
2026-08-29 14:00:00+00:00,2550.83,214.74,49.51,32.39,59.87,6.08,513.7
2026-08-29 15:00:00+00:00,2383.49,223.41,49.38,31.29,48.18,4.52,450.69
2026-08-29 16:00:00+00:00,2234.49,177.75,18.64,31.54,36.53,1.83,314.68
2026-08-29 17:00:00+00:00,2159.71,94.66,24.97,26.9,27.95,4.71,162.54
2026-08-29 18:00:00+00:00,1998.41,0.0,5.44,27.8,40.88,3.3,0.0
2026-08-29 19:00:00+00:00,1757.18,0.0,38.12,23.42,29.24,3.14,0.0
2026-08-29 20:00:00+00:00,1641.65,0.0,75.3,23.66,32.77,10.76,0.0
2026-08-29 21:00:00+00:00,1402.53,0.0,77.91,25.49,45.83,10.51,0.0
2026-08-29 22:00:00+00:00,1267.06,0.0,34.79,23.66,44.05,4.79,0.0
2026-08-29 23:00:00+00:00,1067.78,0.0,91.47,27.33,38.49,8.69,0.0
2026-08-30 00:00:00+00:00,1202.74,0.0,138.72,23.89,43.62,12.42,0.0
2026-08-30 01:00:00+00:00,989.73,0.0,130.13,30.49,40.15,10.23,0.0
2026-08-30 02:00:00+00:00,1103.56,0.0,120.15,23.67,61.36,7.71,0.0
2026-08-30 03:00:00+00:00,1077.45,0.0,125.72,24.84,65.51,8.76,0.0
2026-08-30 04:00:00+00:00,1286.9,0.0,146.28,25.77,72.44,9.34,0.0
2026-08-30 05:00:00+00:00,1423.08,0.0,84.55,24.38,69.44,5.18,0.0
2026-08-30 06:00:00+00:00,1366.95,0.0,46.08,28.52,56.54,3.46,12.95
2026-08-30 07:00:00+00:00,1749.22,60.96,52.14,30.79,57.87,3.1,141.6
2026-08-30 08:00:00+00:00,1965.85,136.78,9.39,29.56,56.55,1.48,245.73
2026-08-30 09:00:00+00:00,2211.47,174.0,70.38,32.37,72.07,4.83,339.64
2026-08-30 10:00:00+00:00,2198.66,297.65,80.53,30.45,34.49,5.91,653.28
2026-08-30 11:00:00+00:00,2464.25,350.63,4.43,34.36,34.57,0.5,733.99
2026-08-30 12:00:00+00:00,2311.01,381.77,2.19,33.39,27.29,0.5,739.43
2026-08-30 13:00:00+00:00,2507.58,326.12,0.0,32.07,37.85,0.5,595.3
2026-08-30 14:00:00+00:00,2528.18,277.12,14.2,32.12,38.08,1.48,516.87
2026-08-30 15:00:00+00:00,2464.52,259.62,46.11,30.01,33.56,5.18,509.95
2026-08-30 16:00:00+00:00,2225.33,186.79,24.64,27.52,32.25,3.05,389.97
2026-08-30 17:00:00+00:00,2006.71,59.03,48.06,30.72,33.5,5.88,129.76
2026-08-30 18:00:00+00:00,1951.31,21.66,41.24,28.7,48.45,3.65,0.0
2026-08-30 19:00:00+00:00,1764.53,0.0,53.84,26.88,40.48,8.45,0.0
2026-08-30 20:00:00+00:00,1519.61,0.0,55.37,25.5,22.33,6.15,0.0
2026-08-30 21:00:00+00:00,1597.14,0.0,15.68,26.51,60.84,3.86,0.0
2026-08-30 22:00:00+00:00,1322.21,0.0,91.19,23.89,33.19,10.21,0.0
2026-08-30 23:00:00+00:00,1259.99,0.0,118.94,24.5,25.48,10.16,0.0
2026-08-31 00:00:00+00:00,1364.45,0.0,60.6,26.25,10.37,5.51,0.0
2026-08-31 01:00:00+00:00,1336.5,0.0,131.94,24.82,37.33,9.79,0.0
2026-08-31 02:00:00+00:00,1316.87,0.0,44.46,24.71,60.14,4.92,0.0
2026-08-31 03:00:00+00:00,1263.12,0.0,168.04,23.31,55.77,11.87,0.0
2026-08-31 04:00:00+00:00,1590.49,0.0,107.07,25.98,89.53,6.9,0.0
2026-08-31 05:00:00+00:00,1757.94,0.0,57.51,24.89,65.72,4.46,0.0
2026-08-31 06:00:00+00:00,1814.56,17.98,74.09,28.99,65.59,4.57,0.0
2026-08-31 07:00:00+00:00,2107.99,79.65,71.92,29.37,51.3,4.17,112.11
2026-08-31 08:00:00+00:00,2284.07,158.01,63.67,28.8,57.86,4.57,270.08
2026-08-31 09:00:00+00:00,2501.4,207.76,43.97,32.81,43.29,4.19,473.99
2026-08-31 10:00:00+00:00,2563.57,193.54,0.0,31.07,65.39,0.5,442.54
2026-08-31 11:00:00+00:00,2753.66,276.64,17.31,32.37,46.37,0.5,580.85
2026-08-31 12:00:00+00:00,2843.61,451.77,0.22,32.12,16.97,0.75,825.64
2026-08-31 13:00:00+00:00,2873.26,252.32,23.1,33.24,61.67,3.0,470.7
2026-08-31 14:00:00+00:00,2875.87,289.81,26.87,33.45,36.05,2.68,550.54
2026-08-31 15:00:00+00:00,2827.45,201.6,26.21,31.33,46.33,1.9,411.91
2026-08-31 16:00:00+00:00,2533.04,167.17,43.04,29.99,32.12,4.42,351.36
2026-08-31 17:00:00+00:00,2430.04,101.14,43.69,29.08,10.29,4.93,200.18
2026-08-31 18:00:00+00:00,2351.36,0.0,50.23,24.71,22.44,5.24,47.35
2026-08-31 19:00:00+00:00,2029.51,0.0,53.14,23.63,39.49,6.75,0.0
2026-08-31 20:00:00+00:00,1919.74,0.0,16.57,24.89,47.44,2.82,0.0
2026-08-31 21:00:00+00:00,1740.61,0.0,76.94,27.38,38.73,9.62,0.0
2026-08-31 22:00:00+00:00,1350.93,0.0,68.48,26.84,54.41,8.54,0.0
2026-08-31 23:00:00+00:00,1463.7,0.0,92.97,27.73,27.28,9.66,0.0
2026-09-01 00:00:00+00:00,1258.2,0.0,132.06,22.63,41.47,12.16,0.0
2026-09-01 01:00:00+00:00,1249.93,0.0,110.2,24.13,72.1,7.41,0.0
2026-09-01 02:00:00+00:00,1419.91,0.0,73.14,26.5,43.71,5.15,0.0
2026-09-01 03:00:00+00:00,1308.02,0.0,53.87,23.3,33.86,4.89,0.0
2026-09-01 04:00:00+00:00,1669.75,0.0,86.51,23.98,49.2,5.57,0.0
2026-09-01 05:00:00+00:00,1732.01,0.0,90.27,25.37,72.13,5.3,0.0
2026-09-01 06:00:00+00:00,1922.56,0.0,118.17,27.81,100.0,6.82,0.0
2026-09-01 07:00:00+00:00,2140.21,90.6,84.76,26.86,47.87,4.91,188.53
2026-09-01 08:00:00+00:00,2307.78,132.76,97.91,30.38,55.43,5.13,314.44
2026-09-01 09:00:00+00:00,2451.34,177.31,58.1,31.13,61.74,3.85,371.51
2026-09-01 10:00:00+00:00,2761.11,202.49,11.91,34.72,69.33,1.21,441.06
2026-09-01 11:00:00+00:00,2879.98,278.36,41.61,32.74,52.4,2.22,539.11
2026-09-01 12:00:00+00:00,2998.71,333.65,54.32,32.61,43.82,3.58,613.24
2026-09-01 13:00:00+00:00,2900.5,346.72,29.87,33.02,38.82,2.32,655.75
2026-09-01 14:00:00+00:00,2815.59,200.06,42.05,30.62,70.74,2.6,379.01
2026-09-01 15:00:00+00:00,2859.28,187.28,50.55,32.68,59.18,5.31,402.01
2026-09-01 16:00:00+00:00,2640.63,157.17,40.58,29.01,47.99,6.42,299.84
2026-09-01 17:00:00+00:00,2451.19,91.7,31.24,26.95,52.73,3.32,151.61
2026-09-01 18:00:00+00:00,2322.15,1.64,30.82,27.27,17.3,4.31,17.1
2026-09-01 19:00:00+00:00,2021.05,0.0,71.19,26.76,34.88,6.68,0.0
2026-09-01 20:00:00+00:00,1860.08,0.0,56.08,25.2,40.06,7.63,0.0
2026-09-01 21:00:00+00:00,1568.06,0.0,82.56,25.62,25.68,8.0,0.0
2026-09-01 22:00:00+00:00,1470.91,0.0,51.7,26.82,52.09,4.12,0.0
2026-09-01 23:00:00+00:00,1476.97,0.0,94.96,31.85,64.04,9.97,0.0
2026-09-02 00:00:00+00:00,1225.38,0.0,74.84,27.09,33.48,5.58,0.0
2026-09-02 01:00:00+00:00,1209.94,0.0,95.25,25.51,55.4,7.87,0.0
2026-09-02 02:00:00+00:00,1240.75,0.0,99.13,24.66,36.42,6.59,0.0
2026-09-02 03:00:00+00:00,1555.66,0.0,89.43,26.58,41.2,6.53,0.0
2026-09-02 04:00:00+00:00,1557.95,0.0,134.63,26.23,64.57,8.69,0.0
2026-09-02 05:00:00+00:00,1594.47,0.0,104.7,25.69,65.71,5.59,0.0
2026-09-02 06:00:00+00:00,1800.42,0.0,66.6,29.19,49.34,4.4,0.0
2026-09-02 07:00:00+00:00,2167.37,81.28,57.11,28.35,42.87,4.58,201.25
2026-09-02 08:00:00+00:00,2258.57,71.07,59.03,31.17,65.19,4.35,312.52
2026-09-02 09:00:00+00:00,2499.5,155.11,12.81,31.86,61.01,0.5,334.96
2026-09-02 10:00:00+00:00,2688.69,262.5,14.34,31.31,48.09,0.89,537.42
2026-09-02 11:00:00+00:00,2992.76,308.24,4.12,32.31,38.39,0.64,635.03
2026-09-02 12:00:00+00:00,2895.09,322.84,66.5,32.74,45.45,4.15,618.05
2026-09-02 13:00:00+00:00,2979.77,292.89,30.14,34.53,44.07,2.0,615.34
2026-09-02 14:00:00+00:00,2754.79,273.36,0.0,32.23,41.83,0.5,563.95
2026-09-02 15:00:00+00:00,2867.83,171.29,51.28,31.56,67.59,4.02,393.08
2026-09-02 16:00:00+00:00,2683.31,194.08,29.53,29.0,25.05,4.84,374.73
2026-09-02 17:00:00+00:00,2393.46,96.44,31.64,31.32,19.01,5.6,219.14
2026-09-02 18:00:00+00:00,2493.13,1.07,37.18,28.44,29.49,4.83,0.0
2026-09-02 19:00:00+00:00,1946.66,0.0,68.43,24.78,25.72,9.6,0.0
2026-09-02 20:00:00+00:00,1814.07,0.0,38.68,23.78,30.93,5.22,0.0
2026-09-02 21:00:00+00:00,1591.26,0.0,71.57,21.74,34.66,6.94,0.0
2026-09-02 22:00:00+00:00,1527.79,0.0,71.87,24.7,38.94,6.41,0.0
2026-09-02 23:00:00+00:00,1544.49,0.0,106.98,29.3,57.3,10.07,0.0
2026-09-03 00:00:00+00:00,1355.29,0.0,78.48,27.92,61.89,8.29,0.0
2026-09-03 01:00:00+00:00,1315.43,0.0,49.09,26.0,30.73,4.65,0.0
2026-09-03 02:00:00+00:00,1254.93,0.0,121.81,25.55,59.58,7.96,0.0
2026-09-03 03:00:00+00:00,1392.91,0.0,82.86,25.43,67.22,4.73,0.0
2026-09-03 04:00:00+00:00,1455.22,0.0,79.96,27.02,51.03,5.41,0.0
2026-09-03 05:00:00+00:00,1637.2,0.0,115.27,23.46,62.42,7.04,0.0
2026-09-03 06:00:00+00:00,1825.26,0.0,68.24,27.23,80.83,3.78,0.0
2026-09-03 07:00:00+00:00,1968.3,68.69,113.98,28.65,65.31,6.77,171.48
2026-09-03 08:00:00+00:00,2348.25,95.55,2.14,29.37,67.91,0.5,290.16
2026-09-03 09:00:00+00:00,2562.14,208.02,28.81,28.54,55.9,1.91,359.49
2026-09-03 10:00:00+00:00,2634.95,197.54,35.95,31.43,64.02,2.36,414.28
2026-09-03 11:00:00+00:00,2829.16,291.69,2.6,32.4,57.04,0.5,558.72
2026-09-03 12:00:00+00:00,2839.47,137.76,16.27,33.05,92.44,2.39,343.34
2026-09-03 13:00:00+00:00,3052.91,321.78,5.73,33.03,39.01,1.72,600.51
2026-09-03 14:00:00+00:00,2967.21,273.99,35.11,33.77,34.94,3.07,623.12
2026-09-03 15:00:00+00:00,2822.37,231.56,18.77,30.95,34.46,2.66,441.9
2026-09-03 16:00:00+00:00,2745.86,132.89,2.56,30.29,53.12,1.86,334.19
2026-09-03 17:00:00+00:00,2445.64,73.21,21.13,26.69,39.59,2.75,207.44
2026-09-03 18:00:00+00:00,2316.73,3.08,29.55,26.53,35.13,6.97,3.52
2026-09-03 19:00:00+00:00,2148.46,0.0,49.68,26.15,37.91,7.56,0.0
2026-09-03 20:00:00+00:00,1868.05,0.0,55.93,27.11,32.62,6.99,0.0
2026-09-03 21:00:00+00:00,1769.92,0.0,106.12,25.0,64.11,11.16,0.0
2026-09-03 22:00:00+00:00,1537.61,0.0,61.77,23.25,21.18,6.95,0.0
2026-09-03 23:00:00+00:00,1509.66,0.0,135.33,23.1,63.39,12.21,0.0
2026-09-04 00:00:00+00:00,1495.71,0.0,91.51,25.87,37.36,8.15,0.0
2026-09-04 01:00:00+00:00,1232.17,0.0,130.17,24.84,70.49,10.25,0.0
2026-09-04 02:00:00+00:00,1262.94,0.0,149.81,24.77,58.55,9.81,0.0
2026-09-04 03:00:00+00:00,1399.43,0.0,123.7,25.68,95.5,7.76,0.0
2026-09-04 04:00:00+00:00,1513.81,0.0,80.36,25.02,36.06,6.02,0.0
2026-09-04 05:00:00+00:00,1719.49,0.0,84.79,25.42,33.48,5.08,0.0
2026-09-04 06:00:00+00:00,1897.59,0.0,59.87,26.91,63.72,3.43,0.32
2026-09-04 07:00:00+00:00,2077.66,56.22,139.84,29.21,62.0,9.07,132.44
2026-09-04 08:00:00+00:00,2244.1,113.95,33.19,31.06,52.7,2.36,275.76
2026-09-04 09:00:00+00:00,2577.51,194.52,90.24,32.37,63.56,6.0,389.26
2026-09-04 10:00:00+00:00,2643.1,234.96,69.61,31.95,57.33,5.49,481.61
2026-09-04 11:00:00+00:00,2721.15,243.56,17.71,33.16,60.09,1.72,538.05
2026-09-04 12:00:00+00:00,3079.48,276.68,1.5,36.82,52.34,0.81,544.63
2026-09-04 13:00:00+00:00,2955.66,261.61,38.32,32.86,55.86,3.37,546.17
2026-09-04 14:00:00+00:00,2898.62,231.72,5.19,32.49,58.92,2.51,448.78
2026-09-04 15:00:00+00:00,2800.86,190.91,45.52,28.39,53.17,5.92,372.87
2026-09-04 16:00:00+00:00,2661.34,196.41,17.33,30.49,17.62,1.29,388.11
2026-09-04 17:00:00+00:00,2567.0,83.94,18.77,28.2,29.18,4.79,183.75
2026-09-04 18:00:00+00:00,2321.64,0.0,2.26,27.06,35.9,2.52,0.0
2026-09-04 19:00:00+00:00,2102.28,0.0,58.16,26.98,26.03,8.08,0.0
2026-09-04 20:00:00+00:00,1882.89,0.0,34.65,25.21,0.0,4.23,0.0
2026-09-04 21:00:00+00:00,1718.77,0.0,39.46,22.84,38.59,4.88,0.0
2026-09-04 22:00:00+00:00,1603.15,0.0,74.56,26.64,58.5,8.52,0.0
2026-09-04 23:00:00+00:00,1479.29,0.0,78.5,29.76,27.84,6.84,0.0
2026-09-05 00:00:00+00:00,1255.31,0.0,42.68,26.23,60.13,3.83,0.0
2026-09-05 01:00:00+00:00,1059.92,0.0,114.73,27.36,23.38,8.41,0.0
2026-09-05 02:00:00+00:00,1123.61,0.0,75.83,25.97,62.99,5.48,0.0
2026-09-05 03:00:00+00:00,1094.01,0.0,113.91,26.24,75.45,7.42,0.0
2026-09-05 04:00:00+00:00,1309.23,0.0,18.14,29.41,87.68,0.55,0.0
2026-09-05 05:00:00+00:00,1489.18,0.0,75.0,25.22,57.59,5.24,0.0
2026-09-05 06:00:00+00:00,1485.39,0.0,46.45,29.28,64.16,3.13,33.73
2026-09-05 07:00:00+00:00,1851.5,82.71,31.01,32.0,54.21,0.5,131.29
2026-09-05 08:00:00+00:00,1963.08,103.03,23.3,32.1,65.81,1.72,301.29
2026-09-05 09:00:00+00:00,2093.95,176.53,20.64,29.15,53.63,2.41,430.78
2026-09-05 10:00:00+00:00,2328.99,242.45,10.52,32.14,58.59,1.29,460.96
2026-09-05 11:00:00+00:00,2407.71,188.58,8.81,32.46,68.26,0.55,473.28
2026-09-05 12:00:00+00:00,2590.49,288.14,18.63,32.54,58.33,0.5,550.34
2026-09-05 13:00:00+00:00,2411.59,244.42,8.34,30.56,52.88,1.14,571.36
2026-09-05 14:00:00+00:00,2517.81,272.01,26.66,32.91,46.82,3.21,542.63
2026-09-05 15:00:00+00:00,2399.44,157.18,21.36,31.15,65.54,3.16,359.6
2026-09-05 16:00:00+00:00,2279.08,197.46,21.42,30.31,29.42,3.21,338.01
2026-09-05 17:00:00+00:00,2186.86,60.59,40.97,25.78,44.37,4.46,134.24
2026-09-05 18:00:00+00:00,1916.45,0.0,34.44,27.41,0.97,5.36,0.0
2026-09-05 19:00:00+00:00,1765.45,0.0,49.57,24.77,7.66,8.32,0.0
2026-09-05 20:00:00+00:00,1619.72,0.0,22.8,23.8,48.57,3.9,0.0
2026-09-05 21:00:00+00:00,1445.7,0.0,50.17,24.71,22.84,5.88,0.0
2026-09-05 22:00:00+00:00,1171.16,0.0,85.87,24.32,41.14,9.37,0.0
2026-09-05 23:00:00+00:00,1152.48,0.0,75.17,24.07,30.33,8.42,0.0
2026-09-06 00:00:00+00:00,1010.22,0.0,54.18,27.45,63.8,4.14,0.0
2026-09-06 01:00:00+00:00,1128.96,0.0,108.12,25.03,76.39,9.13,0.0
2026-09-06 02:00:00+00:00,1161.94,0.0,136.37,26.2,38.36,10.21,0.0
2026-09-06 03:00:00+00:00,1240.14,0.0,97.32,26.67,94.23,6.69,0.0
2026-09-06 04:00:00+00:00,1307.65,0.0,121.95,25.59,40.38,6.5,0.0
2026-09-06 05:00:00+00:00,1425.66,0.0,136.08,22.77,60.28,8.35,0.0
2026-09-06 06:00:00+00:00,1529.85,1.77,14.59,26.21,51.01,1.35,0.0
2026-09-06 07:00:00+00:00,1700.06,68.47,78.76,28.04,57.71,4.13,127.47
2026-09-06 08:00:00+00:00,1952.14,131.82,42.71,30.15,53.84,3.25,226.95
2026-09-06 09:00:00+00:00,2050.75,185.35,69.01,29.87,54.45,4.86,438.13
2026-09-06 10:00:00+00:00,2263.2,238.11,36.64,33.01,59.68,2.59,485.39
2026-09-06 11:00:00+00:00,2464.96,270.59,51.52,31.01,50.44,4.57,564.26
2026-09-06 12:00:00+00:00,2423.69,345.22,37.04,33.45,36.89,3.65,689.21
2026-09-06 13:00:00+00:00,2509.16,183.75,12.46,32.81,74.43,1.36,453.96
2026-09-06 14:00:00+00:00,2530.53,263.0,14.44,30.5,47.53,1.82,505.32
2026-09-06 15:00:00+00:00,2435.91,309.81,34.88,33.01,11.85,5.42,559.71
2026-09-06 16:00:00+00:00,2299.36,140.85,1.3,31.93,64.85,3.06,265.51
2026-09-06 17:00:00+00:00,2272.84,93.04,11.33,29.32,24.6,0.5,183.91
2026-09-06 18:00:00+00:00,1903.7,13.61,35.55,29.26,34.81,5.24,0.0
2026-09-06 19:00:00+00:00,1750.56,0.0,85.52,26.01,37.51,10.16,0.0
2026-09-06 20:00:00+00:00,1623.78,0.0,25.78,25.66,62.42,4.05,0.0
2026-09-06 21:00:00+00:00,1542.63,0.0,57.36,25.67,57.73,7.88,0.0
2026-09-06 22:00:00+00:00,1289.3,0.0,59.35,24.23,42.74,7.52,0.0
2026-09-06 23:00:00+00:00,1197.12,0.0,117.99,27.26,40.68,10.75,0.0
2026-09-07 00:00:00+00:00,1481.53,0.0,104.42,26.26,37.64,8.73,0.0
2026-09-07 01:00:00+00:00,1314.92,0.0,115.79,26.78,64.28,8.51,0.0
2026-09-07 02:00:00+00:00,1312.53,0.0,110.73,26.57,37.22,8.09,0.0
2026-09-07 03:00:00+00:00,1470.84,0.0,51.65,27.37,49.61,4.33,0.0
2026-09-07 04:00:00+00:00,1572.13,0.0,104.63,22.54,76.61,6.82,0.0
2026-09-07 05:00:00+00:00,1598.21,0.0,89.38,23.35,46.7,5.23,0.0
2026-09-07 06:00:00+00:00,1932.9,0.0,90.34,26.73,67.78,5.31,11.6
2026-09-07 07:00:00+00:00,2145.12,79.85,87.85,29.08,28.06,5.52,193.87
2026-09-07 08:00:00+00:00,2349.8,86.06,1.75,28.29,74.16,0.69,199.66
2026-09-07 09:00:00+00:00,2516.31,130.04,59.24,32.32,74.82,4.32,344.41
2026-09-07 10:00:00+00:00,2790.58,260.07,39.7,32.01,49.58,1.54,539.79
2026-09-07 11:00:00+00:00,2788.9,350.52,36.78,31.2,26.31,3.53,693.68
2026-09-07 12:00:00+00:00,2974.52,328.96,0.0,30.17,43.49,1.21,641.79
2026-09-07 13:00:00+00:00,2963.89,280.23,17.95,33.17,47.79,1.91,591.66
2026-09-07 14:00:00+00:00,2835.29,291.91,1.14,33.53,31.94,0.5,611.6
2026-09-07 15:00:00+00:00,2874.9,240.6,19.66,33.14,38.81,3.24,407.82
2026-09-07 16:00:00+00:00,2764.41,164.16,1.46,30.2,39.56,1.38,341.27
2026-09-07 17:00:00+00:00,2445.76,80.92,6.46,28.45,48.33,1.77,175.24
2026-09-07 18:00:00+00:00,2445.56,10.28,1.23,26.58,57.85,2.18,14.56
2026-09-07 19:00:00+00:00,2118.08,0.0,28.94,23.5,24.24,6.09,0.0
2026-09-07 20:00:00+00:00,2051.72,0.0,35.7,24.12,24.84,6.14,0.0
2026-09-07 21:00:00+00:00,1696.69,0.0,59.28,23.96,22.4,8.39,0.0
2026-09-07 22:00:00+00:00,1749.06,0.0,80.58,24.88,30.63,8.19,0.0
2026-09-07 23:00:00+00:00,1465.87,0.0,60.84,25.29,36.14,5.21,0.0
2026-09-08 00:00:00+00:00,1389.24,0.0,96.79,24.69,68.2,8.04,0.0
2026-09-08 01:00:00+00:00,1367.36,0.0,93.51,25.13,39.56,7.61,0.0
2026-09-08 02:00:00+00:00,1352.29,0.0,117.72,26.05,41.26,9.16,0.0
2026-09-08 03:00:00+00:00,1321.5,0.0,69.28,25.06,74.58,4.6,0.0
2026-09-08 04:00:00+00:00,1555.13,0.0,113.93,28.59,52.9,7.49,0.0
2026-09-08 05:00:00+00:00,1567.1,0.0,83.24,25.64,57.77,5.06,0.0
2026-09-08 06:00:00+00:00,1888.18,0.0,114.82,28.74,65.86,7.18,17.41
2026-09-08 07:00:00+00:00,2142.27,51.21,60.1,26.48,60.48,4.52,190.48
2026-09-08 08:00:00+00:00,2292.57,104.16,32.96,29.58,75.17,3.06,240.76
2026-09-08 09:00:00+00:00,2540.76,220.54,70.45,33.34,43.92,4.47,441.9
2026-09-08 10:00:00+00:00,2838.93,169.64,84.69,32.41,73.38,5.22,408.11
2026-09-08 11:00:00+00:00,2833.24,305.45,40.6,32.87,45.64,2.46,619.89
2026-09-08 12:00:00+00:00,2842.25,458.8,59.13,32.36,5.84,5.36,856.02
2026-09-08 13:00:00+00:00,3083.11,354.16,18.88,31.38,35.06,0.74,682.02
2026-09-08 14:00:00+00:00,2856.04,286.81,40.74,31.16,44.07,3.25,530.64
2026-09-08 15:00:00+00:00,2814.29,294.14,15.89,31.03,21.47,2.29,502.08
2026-09-08 16:00:00+00:00,2649.26,166.02,45.23,30.26,43.26,4.01,284.16
2026-09-08 17:00:00+00:00,2591.87,100.24,54.69,28.28,43.77,5.98,159.06
2026-09-08 18:00:00+00:00,2368.52,20.11,21.93,28.08,70.4,3.77,63.72
2026-09-08 19:00:00+00:00,2086.93,0.0,3.21,26.66,56.92,3.6,0.0
2026-09-08 20:00:00+00:00,2126.84,0.0,61.67,25.13,24.77,6.06,0.0
2026-09-08 21:00:00+00:00,1672.97,0.0,72.68,23.23,47.73,8.72,0.0
2026-09-08 22:00:00+00:00,1548.1,0.0,51.74,25.81,22.3,5.54,0.0
2026-09-08 23:00:00+00:00,1478.07,0.0,79.29,24.33,34.2,7.72,0.0
2026-09-09 00:00:00+00:00,1298.92,0.0,103.72,27.79,39.56,8.39,0.0
2026-09-09 01:00:00+00:00,1437.24,0.0,59.44,24.19,82.79,4.52,0.0
2026-09-09 02:00:00+00:00,1268.86,0.0,137.94,26.19,77.52,9.31,0.0
2026-09-09 03:00:00+00:00,1438.04,0.0,168.34,28.16,47.3,11.36,0.0
2026-09-09 04:00:00+00:00,1501.1,0.0,38.79,24.02,59.64,2.59,0.0
2026-09-09 05:00:00+00:00,1649.14,0.0,84.82,23.75,75.71,5.34,0.0
2026-09-09 06:00:00+00:00,1888.89,0.0,57.08,27.89,66.1,3.6,3.77
2026-09-09 07:00:00+00:00,2021.6,36.37,59.57,29.52,73.07,3.76,139.77
2026-09-09 08:00:00+00:00,2315.69,147.19,42.07,32.11,65.44,2.95,300.01
2026-09-09 09:00:00+00:00,2708.16,187.12,40.83,29.38,58.11,2.38,365.62
2026-09-09 10:00:00+00:00,2589.21,253.09,76.6,31.0,48.83,4.45,475.39
2026-09-09 11:00:00+00:00,2690.45,252.02,25.98,31.63,60.12,2.16,559.77
2026-09-09 12:00:00+00:00,2848.75,323.67,18.1,33.75,37.71,2.05,670.66
2026-09-09 13:00:00+00:00,2906.11,358.4,22.01,32.38,34.76,1.44,611.28
2026-09-09 14:00:00+00:00,3061.55,268.94,32.74,31.56,46.15,0.75,588.33
2026-09-09 15:00:00+00:00,2977.79,288.56,3.27,29.87,20.63,1.46,542.3
2026-09-09 16:00:00+00:00,2515.62,120.34,57.52,28.51,54.11,5.49,273.11
2026-09-09 17:00:00+00:00,2497.12,89.79,48.61,29.69,36.49,7.96,235.02
2026-09-09 18:00:00+00:00,2393.8,0.0,32.96,26.93,12.71,2.02,0.0
2026-09-09 19:00:00+00:00,1974.71,0.0,47.34,24.26,61.57,5.05,0.0
2026-09-09 20:00:00+00:00,1820.48,0.0,41.62,27.46,23.42,5.84,0.0
2026-09-09 21:00:00+00:00,1653.53,0.0,35.36,25.52,34.12,3.48,0.0
2026-09-09 22:00:00+00:00,1485.51,0.0,66.67,25.05,37.59,5.74,0.0
2026-09-09 23:00:00+00:00,1426.76,0.0,75.57,23.65,56.93,7.99,0.0
2026-09-10 00:00:00+00:00,1353.77,0.0,85.76,24.8,49.91,6.96,0.0
2026-09-10 01:00:00+00:00,1393.04,0.0,50.75,28.58,58.06,4.07,0.0
2026-09-10 02:00:00+00:00,1385.01,0.0,87.38,28.34,79.56,6.59,0.0
2026-09-10 03:00:00+00:00,1478.8,0.0,142.85,25.33,70.75,9.35,0.0
2026-09-10 04:00:00+00:00,1421.14,0.0,67.3,29.05,57.52,3.29,0.0
2026-09-10 05:00:00+00:00,1663.78,0.0,69.52,25.21,66.87,4.69,0.0
2026-09-10 06:00:00+00:00,1858.87,0.0,82.38,28.03,63.54,5.87,10.18
2026-09-10 07:00:00+00:00,2148.16,23.72,100.77,33.16,86.66,6.9,78.12
2026-09-10 08:00:00+00:00,2281.87,88.56,77.18,28.94,82.88,5.18,172.25
2026-09-10 09:00:00+00:00,2462.41,148.97,44.31,30.98,66.63,3.66,361.32
2026-09-10 10:00:00+00:00,2687.52,243.51,38.79,29.31,55.78,4.03,448.18
2026-09-10 11:00:00+00:00,2871.73,155.51,48.47,31.75,78.58,3.21,357.83
2026-09-10 12:00:00+00:00,2846.72,291.63,0.0,31.29,49.2,0.92,604.87
2026-09-10 13:00:00+00:00,2929.27,289.2,12.83,32.89,48.75,0.5,616.6
2026-09-10 14:00:00+00:00,2914.8,224.2,20.68,32.15,59.98,1.82,498.8
2026-09-10 15:00:00+00:00,2829.67,194.21,5.68,32.72,50.21,1.99,404.12
2026-09-10 16:00:00+00:00,2817.96,227.36,54.31,26.63,13.77,7.47,388.99
2026-09-10 17:00:00+00:00,2521.94,73.81,45.18,26.37,35.58,8.01,224.41
2026-09-10 18:00:00+00:00,2282.81,23.23,45.3,26.05,54.17,8.26,5.88
2026-09-10 19:00:00+00:00,2049.13,0.0,20.56,25.4,42.46,4.05,0.0
2026-09-10 20:00:00+00:00,1871.49,0.0,43.37,27.45,65.73,6.73,0.0
2026-09-10 21:00:00+00:00,1733.06,0.0,52.27,25.33,31.14,6.93,0.0
2026-09-10 22:00:00+00:00,1499.0,0.0,71.45,25.04,39.72,6.96,0.0
2026-09-10 23:00:00+00:00,1455.98,0.0,91.98,22.67,69.73,8.17,0.0
2026-09-11 00:00:00+00:00,1307.49,0.0,76.24,24.23,36.28,5.94,0.0
2026-09-11 01:00:00+00:00,1269.15,0.0,52.65,24.42,63.0,3.16,0.0
2026-09-11 02:00:00+00:00,1085.02,0.0,78.91,25.04,45.06,6.28,0.0
2026-09-11 03:00:00+00:00,1220.63,0.0,77.83,26.88,51.87,6.19,0.0
2026-09-11 04:00:00+00:00,1483.87,0.0,62.18,27.08,72.25,3.91,0.0
2026-09-11 05:00:00+00:00,1745.81,0.0,95.96,23.5,34.43,5.46,0.0
2026-09-11 06:00:00+00:00,1885.97,0.0,78.66,28.6,41.7,5.12,0.0
2026-09-11 07:00:00+00:00,2137.85,34.36,76.37,24.06,81.92,4.88,61.2
2026-09-11 08:00:00+00:00,2397.59,99.31,28.92,28.64,71.04,1.9,203.96
2026-09-11 09:00:00+00:00,2404.68,207.81,21.97,31.87,50.59,1.94,430.92
2026-09-11 10:00:00+00:00,2700.99,178.28,45.4,32.9,65.7,3.23,389.83
2026-09-11 11:00:00+00:00,2764.52,345.49,47.23,28.65,30.77,4.48,702.08
2026-09-11 12:00:00+00:00,2916.32,292.32,55.81,32.59,44.85,5.09,625.38
2026-09-11 13:00:00+00:00,3056.99,322.03,23.17,32.39,40.53,1.13,644.27
2026-09-11 14:00:00+00:00,2894.83,229.16,18.76,32.55,58.77,1.18,467.86
2026-09-11 15:00:00+00:00,2889.31,208.91,15.59,31.01,52.54,1.75,440.03
2026-09-11 16:00:00+00:00,2572.25,207.95,16.1,30.86,23.6,3.9,388.22
2026-09-11 17:00:00+00:00,2505.32,78.17,24.56,27.94,36.11,2.76,179.34
2026-09-11 18:00:00+00:00,2228.31,17.21,27.78,26.15,69.32,4.78,0.0
2026-09-11 19:00:00+00:00,2152.27,0.0,43.17,23.25,48.32,4.95,0.0
2026-09-11 20:00:00+00:00,1827.51,0.0,19.82,25.7,72.95,3.05,0.0
2026-09-11 21:00:00+00:00,1636.47,0.0,72.09,28.68,66.36,9.7,0.0
2026-09-11 22:00:00+00:00,1514.81,0.0,95.9,24.05,30.75,10.58,0.0
2026-09-11 23:00:00+00:00,1319.43,0.0,80.07,26.45,21.16,8.0,0.0
2026-09-12 00:00:00+00:00,1145.87,0.0,96.4,24.38,40.43,8.45,0.0
2026-09-12 01:00:00+00:00,1088.5,0.0,115.19,25.81,40.85,9.26,0.0
2026-09-12 02:00:00+00:00,1123.11,0.0,149.2,24.07,53.88,11.34,0.0
2026-09-12 03:00:00+00:00,1147.65,0.0,129.69,26.64,53.53,7.69,0.0
2026-09-12 04:00:00+00:00,1280.73,0.0,84.41,24.37,83.96,4.4,0.0
2026-09-12 05:00:00+00:00,1465.56,0.0,105.46,25.51,98.56,5.24,0.0
2026-09-12 06:00:00+00:00,1480.21,8.96,62.08,24.99,40.43,3.41,24.4
2026-09-12 07:00:00+00:00,1851.71,36.05,70.24,31.57,80.17,4.95,149.21
2026-09-12 08:00:00+00:00,1943.43,120.45,67.06,28.9,62.39,3.85,198.78
2026-09-12 09:00:00+00:00,2228.46,153.75,24.78,33.23,63.39,1.06,312.91
2026-09-12 10:00:00+00:00,2402.61,277.66,41.18,33.68,34.34,3.51,639.77
2026-09-12 11:00:00+00:00,2352.33,246.51,39.44,30.17,61.73,2.93,430.61
2026-09-12 12:00:00+00:00,2483.15,323.71,12.8,32.48,44.53,0.5,632.34
2026-09-12 13:00:00+00:00,2536.4,233.15,19.0,32.22,62.54,1.35,463.55
